concept	election	pct	status	note
asset_acquisition_cost_eur	1996-spalio-20-seimo	0.0	upstream-absent	rows added by the 2018 GPM308/GPM311 rewording; earlier forms never print them
asset_acquisition_cost_eur	1997-birzelio-29-svenciniu-tarybos-pakartotiniai	0.0	upstream-absent	rows added by the 2018 GPM308/GPM311 rewording; earlier forms never print them
asset_acquisition_cost_eur	1997-gruodzio-21-seimo-pakartotiniai	0.0	upstream-absent	rows added by the 2018 GPM308/GPM311 rewording; earlier forms never print them
asset_acquisition_cost_eur	1997-kovo-23-savivaldybiu-tarybu	0.0	upstream-absent	rows added by the 2018 GPM308/GPM311 rewording; earlier forms never print them
asset_acquisition_cost_eur	1997-kovo-23-seimo-pakartotiniai	0.0	upstream-absent	rows added by the 2018 GPM308/GPM311 rewording; earlier forms never print them
asset_acquisition_cost_eur	1998-kovo-22-seimo-pakartotiniai	0.0	upstream-absent	rows added by the 2018 GPM308/GPM311 rewording; earlier forms never print them
asset_acquisition_cost_eur	1998-lapkricio-15-seimo-pakartotiniai	0.0	upstream-absent	rows added by the 2018 GPM308/GPM311 rewording; earlier forms never print them
asset_acquisition_cost_eur	1999-kovo-21-seimo-pakartotiniai	0.0	upstream-absent	rows added by the 2018 GPM308/GPM311 rewording; earlier forms never print them
asset_acquisition_cost_eur	2000-kovo-19-savivaldybiu-tarybu	0.0	upstream-absent	rows added by the 2018 GPM308/GPM311 rewording; earlier forms never print them
asset_acquisition_cost_eur	2000-seimo	0.0	upstream-absent	rows added by the 2018 GPM308/GPM311 rewording; earlier forms never print them
asset_acquisition_cost_eur	2002-gruodzio-22-savivaldybiu-tarybu	0.0	upstream-absent	rows added by the 2018 GPM308/GPM311 rewording; earlier forms never print them
asset_acquisition_cost_eur	2002-prezidento	0.0	upstream-absent	declarations published only as archive scans (declaration_status: archyvo-skenai)
asset_acquisition_cost_eur	2003-birzelio-15-seimo-nauji	0.0	upstream-absent	rows added by the 2018 GPM308/GPM311 rewording; earlier forms never print them
asset_acquisition_cost_eur	2004-ep	0.0	upstream-absent	rows added by the 2018 GPM308/GPM311 rewording; earlier forms never print them
asset_acquisition_cost_eur	2004-prezidento	0.0	upstream-absent	rows added by the 2018 GPM308/GPM311 rewording; earlier forms never print them
asset_acquisition_cost_eur	2004-seimo	0.0	upstream-absent	rows added by the 2018 GPM308/GPM311 rewording; earlier forms never print them
asset_acquisition_cost_eur	2005-lapkricio-20-seimo-kedainiai	0.0	upstream-absent	rows added by the 2018 GPM308/GPM311 rewording; earlier forms never print them
asset_acquisition_cost_eur	2007-spalio-7-seimo-dzukija	0.0	upstream-absent	rows added by the 2018 GPM308/GPM311 rewording; earlier forms never print them
asset_acquisition_cost_eur	2007-vasario-25-savivaldybiu	0.0	upstream-absent	rows added by the 2018 GPM308/GPM311 rewording; earlier forms never print them
asset_acquisition_cost_eur	2008-seimo	0.0	upstream-absent	rows added by the 2018 GPM308/GPM311 rewording; earlier forms never print them
asset_acquisition_cost_eur	2009-ep	0.0	upstream-absent	rows added by the 2018 GPM308/GPM311 rewording; earlier forms never print them
asset_acquisition_cost_eur	2009-lapkricio-15-seimo-silale-silute-vilnius-salcininkai	0.0	upstream-absent	rows added by the 2018 GPM308/GPM311 rewording; earlier forms never print them
asset_acquisition_cost_eur	2009-prezidento	0.0	upstream-absent	rows added by the 2018 GPM308/GPM311 rewording; earlier forms never print them
asset_acquisition_cost_eur	2011-vasario-13-seimo-marijampole	0.0	upstream-absent	rows added by the 2018 GPM308/GPM311 rewording; earlier forms never print them
asset_acquisition_cost_eur	2011-vasario-27-savivaldybiu	0.0	upstream-absent	rows added by the 2018 GPM308/GPM311 rewording; earlier forms never print them
asset_acquisition_cost_eur	2012-seimo	0.0	upstream-absent	rows added by the 2018 GPM308/GPM311 rewording; earlier forms never print them
asset_acquisition_cost_eur	2013-kovo-3-seimo-birzai-zarasai-ukmerge	0.0	upstream-absent	rows added by the 2018 GPM308/GPM311 rewording; earlier forms never print them
asset_acquisition_cost_eur	2014-ep	0.0	upstream-absent	rows added by the 2018 GPM308/GPM311 rewording; earlier forms never print them
asset_acquisition_cost_eur	2014-prezidento	0.0	upstream-absent	rows added by the 2018 GPM308/GPM311 rewording; earlier forms never print them
asset_acquisition_cost_eur	2015-birzelio-21-pakartotiniai-silutes	0.0	upstream-absent	rows added by the 2018 GPM308/GPM311 rewording; earlier forms never print them
asset_acquisition_cost_eur	2015-birzelio-7-pakartotiniai-sirvintos-trakai	0.0	upstream-absent	rows added by the 2018 GPM308/GPM311 rewording; earlier forms never print them
asset_acquisition_cost_eur	2015-birzelio-7-seimo-varena-eisiskes	0.0	upstream-absent	rows added by the 2018 GPM308/GPM311 rewording; earlier forms never print them
asset_acquisition_cost_eur	2015-kovo-1-savivaldybiu	0.0	upstream-absent	rows added by the 2018 GPM308/GPM311 rewording; earlier forms never print them
asset_acquisition_cost_eur	2015-kovo-1-seimo-zirmunai	0.0	upstream-absent	rows added by the 2018 GPM308/GPM311 rewording; earlier forms never print them
asset_acquisition_cost_eur	2015-lapkricio-8-telsiu-mero	0.0	upstream-absent	rows added by the 2018 GPM308/GPM311 rewording; earlier forms never print them
asset_acquisition_cost_eur	2016-seimo	0.0	upstream-absent	rows added by the 2018 GPM308/GPM311 rewording; earlier forms never print them
asset_acquisition_cost_eur	2017-balandzio-23-meru	0.0	upstream-absent	rows added by the 2018 GPM308/GPM311 rewording; earlier forms never print them
asset_acquisition_cost_eur	2017-balandzio-23-seimo-anyksciai-panevezys	0.0	upstream-absent	rows added by the 2018 GPM308/GPM311 rewording; earlier forms never print them
asset_acquisition_cost_eur	2017-rugsejo-10-marijampoles-mero	0.0	upstream-absent	rows added by the 2018 GPM308/GPM311 rewording; earlier forms never print them
asset_acquisition_cost_eur	2018-rugsejo-16-seimo-zanavykai	100.0	ok	
asset_acquisition_cost_eur	2019-ep	100.0	ok	
asset_acquisition_cost_eur	2019-kovo-3-savivaldybiu-tarybu	100.0	ok	
asset_acquisition_cost_eur	2019-prezidento	100.0	ok	
asset_acquisition_cost_eur	2019-rugsejo-8-seimo	100.0	ok	
asset_acquisition_cost_eur	2020-seimo	99.9	ok	
asset_acquisition_cost_eur	2021-balandzio-11-radviliskio-mero	100.0	ok	
asset_acquisition_cost_eur	2021-spalio-10-meru	100.0	ok	
asset_acquisition_cost_eur	2023-geguzes-7-visagino-mero	100.0	ok	
asset_acquisition_cost_eur	2023-kovo-5-savivaldybiu-tarybu-ir-meru	100.0	ok	
asset_acquisition_cost_eur	2023-rugsejo-3-seimo-raseiniai-kedainiai	100.0	ok	
asset_acquisition_cost_eur	2023-spalio-8-kupiskio-mero	100.0	ok	
asset_acquisition_cost_eur	2024-ep	100.0	ok	
asset_acquisition_cost_eur	2024-prezidento	100.0	ok	
asset_acquisition_cost_eur	2024-seimo	100.0	ok	
asset_acquisition_cost_eur	2025-kovo-16-meru	100.0	ok	
asset_sale_income_eur	1996-spalio-20-seimo	0.0	upstream-absent	rows added by the 2018 GPM308/GPM311 rewording; earlier forms never print them
asset_sale_income_eur	1997-birzelio-29-svenciniu-tarybos-pakartotiniai	0.0	upstream-absent	rows added by the 2018 GPM308/GPM311 rewording; earlier forms never print them
asset_sale_income_eur	1997-gruodzio-21-seimo-pakartotiniai	0.0	upstream-absent	rows added by the 2018 GPM308/GPM311 rewording; earlier forms never print them
asset_sale_income_eur	1997-kovo-23-savivaldybiu-tarybu	0.0	upstream-absent	rows added by the 2018 GPM308/GPM311 rewording; earlier forms never print them
asset_sale_income_eur	1997-kovo-23-seimo-pakartotiniai	0.0	upstream-absent	rows added by the 2018 GPM308/GPM311 rewording; earlier forms never print them
asset_sale_income_eur	1998-kovo-22-seimo-pakartotiniai	0.0	upstream-absent	rows added by the 2018 GPM308/GPM311 rewording; earlier forms never print them
asset_sale_income_eur	1998-lapkricio-15-seimo-pakartotiniai	0.0	upstream-absent	rows added by the 2018 GPM308/GPM311 rewording; earlier forms never print them
asset_sale_income_eur	1999-kovo-21-seimo-pakartotiniai	0.0	upstream-absent	rows added by the 2018 GPM308/GPM311 rewording; earlier forms never print them
asset_sale_income_eur	2000-kovo-19-savivaldybiu-tarybu	0.0	upstream-absent	rows added by the 2018 GPM308/GPM311 rewording; earlier forms never print them
asset_sale_income_eur	2000-seimo	0.0	upstream-absent	rows added by the 2018 GPM308/GPM311 rewording; earlier forms never print them
asset_sale_income_eur	2002-gruodzio-22-savivaldybiu-tarybu	0.0	upstream-absent	rows added by the 2018 GPM308/GPM311 rewording; earlier forms never print them
asset_sale_income_eur	2002-prezidento	0.0	upstream-absent	declarations published only as archive scans (declaration_status: archyvo-skenai)
asset_sale_income_eur	2003-birzelio-15-seimo-nauji	0.0	upstream-absent	rows added by the 2018 GPM308/GPM311 rewording; earlier forms never print them
asset_sale_income_eur	2004-ep	0.0	upstream-absent	rows added by the 2018 GPM308/GPM311 rewording; earlier forms never print them
asset_sale_income_eur	2004-prezidento	0.0	upstream-absent	rows added by the 2018 GPM308/GPM311 rewording; earlier forms never print them
asset_sale_income_eur	2004-seimo	0.0	upstream-absent	rows added by the 2018 GPM308/GPM311 rewording; earlier forms never print them
asset_sale_income_eur	2005-lapkricio-20-seimo-kedainiai	0.0	upstream-absent	rows added by the 2018 GPM308/GPM311 rewording; earlier forms never print them
asset_sale_income_eur	2007-spalio-7-seimo-dzukija	0.0	upstream-absent	rows added by the 2018 GPM308/GPM311 rewording; earlier forms never print them
asset_sale_income_eur	2007-vasario-25-savivaldybiu	0.0	upstream-absent	rows added by the 2018 GPM308/GPM311 rewording; earlier forms never print them
asset_sale_income_eur	2008-seimo	0.0	upstream-absent	rows added by the 2018 GPM308/GPM311 rewording; earlier forms never print them
asset_sale_income_eur	2009-ep	0.0	upstream-absent	rows added by the 2018 GPM308/GPM311 rewording; earlier forms never print them
asset_sale_income_eur	2009-lapkricio-15-seimo-silale-silute-vilnius-salcininkai	0.0	upstream-absent	rows added by the 2018 GPM308/GPM311 rewording; earlier forms never print them
asset_sale_income_eur	2009-prezidento	0.0	upstream-absent	rows added by the 2018 GPM308/GPM311 rewording; earlier forms never print them
asset_sale_income_eur	2011-vasario-13-seimo-marijampole	0.0	upstream-absent	rows added by the 2018 GPM308/GPM311 rewording; earlier forms never print them
asset_sale_income_eur	2011-vasario-27-savivaldybiu	0.0	upstream-absent	rows added by the 2018 GPM308/GPM311 rewording; earlier forms never print them
asset_sale_income_eur	2012-seimo	0.0	upstream-absent	rows added by the 2018 GPM308/GPM311 rewording; earlier forms never print them
asset_sale_income_eur	2013-kovo-3-seimo-birzai-zarasai-ukmerge	0.0	upstream-absent	rows added by the 2018 GPM308/GPM311 rewording; earlier forms never print them
asset_sale_income_eur	2014-ep	0.0	upstream-absent	rows added by the 2018 GPM308/GPM311 rewording; earlier forms never print them
asset_sale_income_eur	2014-prezidento	0.0	upstream-absent	rows added by the 2018 GPM308/GPM311 rewording; earlier forms never print them
asset_sale_income_eur	2015-birzelio-21-pakartotiniai-silutes	0.0	upstream-absent	rows added by the 2018 GPM308/GPM311 rewording; earlier forms never print them
asset_sale_income_eur	2015-birzelio-7-pakartotiniai-sirvintos-trakai	0.0	upstream-absent	rows added by the 2018 GPM308/GPM311 rewording; earlier forms never print them
asset_sale_income_eur	2015-birzelio-7-seimo-varena-eisiskes	0.0	upstream-absent	rows added by the 2018 GPM308/GPM311 rewording; earlier forms never print them
asset_sale_income_eur	2015-kovo-1-savivaldybiu	0.0	upstream-absent	rows added by the 2018 GPM308/GPM311 rewording; earlier forms never print them
asset_sale_income_eur	2015-kovo-1-seimo-zirmunai	0.0	upstream-absent	rows added by the 2018 GPM308/GPM311 rewording; earlier forms never print them
asset_sale_income_eur	2015-lapkricio-8-telsiu-mero	0.0	upstream-absent	rows added by the 2018 GPM308/GPM311 rewording; earlier forms never print them
asset_sale_income_eur	2016-seimo	0.0	upstream-absent	rows added by the 2018 GPM308/GPM311 rewording; earlier forms never print them
asset_sale_income_eur	2017-balandzio-23-meru	0.0	upstream-absent	rows added by the 2018 GPM308/GPM311 rewording; earlier forms never print them
asset_sale_income_eur	2017-balandzio-23-seimo-anyksciai-panevezys	0.0	upstream-absent	rows added by the 2018 GPM308/GPM311 rewording; earlier forms never print them
asset_sale_income_eur	2017-rugsejo-10-marijampoles-mero	0.0	upstream-absent	rows added by the 2018 GPM308/GPM311 rewording; earlier forms never print them
asset_sale_income_eur	2018-rugsejo-16-seimo-zanavykai	100.0	ok	
asset_sale_income_eur	2019-ep	100.0	ok	
asset_sale_income_eur	2019-kovo-3-savivaldybiu-tarybu	100.0	ok	
asset_sale_income_eur	2019-prezidento	100.0	ok	
asset_sale_income_eur	2019-rugsejo-8-seimo	100.0	ok	
asset_sale_income_eur	2020-seimo	99.9	ok	
asset_sale_income_eur	2021-balandzio-11-radviliskio-mero	100.0	ok	
asset_sale_income_eur	2021-spalio-10-meru	100.0	ok	
asset_sale_income_eur	2023-geguzes-7-visagino-mero	100.0	ok	
asset_sale_income_eur	2023-kovo-5-savivaldybiu-tarybu-ir-meru	100.0	ok	
asset_sale_income_eur	2023-rugsejo-3-seimo-raseiniai-kedainiai	100.0	ok	
asset_sale_income_eur	2023-spalio-8-kupiskio-mero	100.0	ok	
asset_sale_income_eur	2024-ep	100.0	ok	
asset_sale_income_eur	2024-prezidento	100.0	ok	
asset_sale_income_eur	2024-seimo	100.0	ok	
asset_sale_income_eur	2025-kovo-16-meru	100.0	ok	
assets_measure	1996-spalio-20-seimo	99.8	ok	
assets_measure	1997-birzelio-29-svenciniu-tarybos-pakartotiniai	98.2	ok	
assets_measure	1997-gruodzio-21-seimo-pakartotiniai	100.0	ok	
assets_measure	1997-kovo-23-savivaldybiu-tarybu	87.3	ok	
assets_measure	1997-kovo-23-seimo-pakartotiniai	4.3	ok	
assets_measure	1998-kovo-22-seimo-pakartotiniai	18.2	ok	
assets_measure	1998-lapkricio-15-seimo-pakartotiniai	100.0	ok	
assets_measure	1999-kovo-21-seimo-pakartotiniai	100.0	ok	
assets_measure	2000-kovo-19-savivaldybiu-tarybu	100.0	ok	
assets_measure	2000-seimo	100.0	ok	
assets_measure	2002-gruodzio-22-savivaldybiu-tarybu	98.8	ok	
assets_measure	2002-prezidento	0.0	upstream-absent	declarations published only as archive scans
assets_measure	2003-birzelio-15-seimo-nauji	100.0	ok	
assets_measure	2004-ep	98.3	ok	
assets_measure	2004-prezidento	100.0	ok	
assets_measure	2004-seimo	98.7	ok	
assets_measure	2005-lapkricio-20-seimo-kedainiai	100.0	ok	
assets_measure	2007-spalio-7-seimo-dzukija	100.0	ok	
assets_measure	2007-vasario-25-savivaldybiu	99.4	ok	
assets_measure	2008-seimo	100.0	ok	
assets_measure	2009-ep	100.0	ok	
assets_measure	2009-lapkricio-15-seimo-silale-silute-vilnius-salcininkai	100.0	ok	
assets_measure	2009-prezidento	100.0	ok	
assets_measure	2011-vasario-13-seimo-marijampole	100.0	ok	
assets_measure	2011-vasario-27-savivaldybiu	100.0	ok	
assets_measure	2012-seimo	100.0	ok	
assets_measure	2013-kovo-3-seimo-birzai-zarasai-ukmerge	100.0	ok	
assets_measure	2014-ep	100.0	ok	
assets_measure	2014-prezidento	100.0	ok	
assets_measure	2015-birzelio-21-pakartotiniai-silutes	100.0	ok	
assets_measure	2015-birzelio-7-pakartotiniai-sirvintos-trakai	99.7	ok	
assets_measure	2015-birzelio-7-seimo-varena-eisiskes	100.0	ok	
assets_measure	2015-kovo-1-savivaldybiu	100.0	ok	
assets_measure	2015-kovo-1-seimo-zirmunai	100.0	ok	
assets_measure	2015-lapkricio-8-telsiu-mero	100.0	ok	
assets_measure	2016-seimo	99.8	ok	
assets_measure	2017-balandzio-23-meru	100.0	ok	
assets_measure	2017-balandzio-23-seimo-anyksciai-panevezys	100.0	ok	
assets_measure	2017-rugsejo-10-marijampoles-mero	100.0	ok	
assets_measure	2018-rugsejo-16-seimo-zanavykai	100.0	ok	
assets_measure	2019-ep	100.0	ok	
assets_measure	2019-kovo-3-savivaldybiu-tarybu	100.0	ok	
assets_measure	2019-prezidento	100.0	ok	
assets_measure	2019-rugsejo-8-seimo	100.0	ok	
assets_measure	2020-seimo	99.9	ok	
assets_measure	2021-balandzio-11-radviliskio-mero	100.0	ok	
assets_measure	2021-spalio-10-meru	100.0	ok	
assets_measure	2023-geguzes-7-visagino-mero	100.0	ok	
assets_measure	2023-kovo-5-savivaldybiu-tarybu-ir-meru	100.0	ok	
assets_measure	2023-rugsejo-3-seimo-raseiniai-kedainiai	100.0	ok	
assets_measure	2023-spalio-8-kupiskio-mero	100.0	ok	
assets_measure	2024-ep	100.0	ok	
assets_measure	2024-prezidento	100.0	ok	
assets_measure	2024-seimo	100.0	ok	
assets_measure	2025-kovo-16-meru	100.0	ok	
assets_registered_eur	1996-spalio-20-seimo	0.0	upstream-absent	the 1996-2000 form holds wealth in one combined row (assets_total_eur, measure turtas-plius-lesos); this key is a null placeholder there
assets_registered_eur	1997-birzelio-29-svenciniu-tarybos-pakartotiniai	0.0	upstream-absent	the 1996-2000 form holds wealth in one combined row (assets_total_eur, measure turtas-plius-lesos); this key is a null placeholder there
assets_registered_eur	1997-gruodzio-21-seimo-pakartotiniai	0.0	upstream-absent	the 1996-2000 form holds wealth in one combined row (assets_total_eur, measure turtas-plius-lesos); this key is a null placeholder there
assets_registered_eur	1997-kovo-23-savivaldybiu-tarybu	0.0	upstream-absent	the 1996-2000 form holds wealth in one combined row (assets_total_eur, measure turtas-plius-lesos); this key is a null placeholder there
assets_registered_eur	1997-kovo-23-seimo-pakartotiniai	0.0	upstream-absent	the 1996-2000 form holds wealth in one combined row (assets_total_eur, measure turtas-plius-lesos); this key is a null placeholder there
assets_registered_eur	1998-kovo-22-seimo-pakartotiniai	0.0	upstream-absent	the 1996-2000 form holds wealth in one combined row (assets_total_eur, measure turtas-plius-lesos); this key is a null placeholder there
assets_registered_eur	1998-lapkricio-15-seimo-pakartotiniai	0.0	upstream-absent	the 1996-2000 form holds wealth in one combined row (assets_total_eur, measure turtas-plius-lesos); this key is a null placeholder there
assets_registered_eur	1999-kovo-21-seimo-pakartotiniai	0.0	upstream-absent	the 1996-2000 form holds wealth in one combined row (assets_total_eur, measure turtas-plius-lesos); this key is a null placeholder there
assets_registered_eur	2000-kovo-19-savivaldybiu-tarybu	0.0	upstream-absent	the 1996-2000 form holds wealth in one combined row (assets_total_eur, measure turtas-plius-lesos); this key is a null placeholder there
assets_registered_eur	2000-seimo	0.0	upstream-absent	the 1996-2000 form holds wealth in one combined row (assets_total_eur, measure turtas-plius-lesos); this key is a null placeholder there
assets_registered_eur	2002-gruodzio-22-savivaldybiu-tarybu	0.0	upstream-absent	the 2002 form prints property and securities as one combined row (assets_total_eur, measure turtas-plius-vp)
assets_registered_eur	2002-prezidento	0.0	upstream-absent	declarations published only as archive scans (declaration_status: archyvo-skenai)
assets_registered_eur	2003-birzelio-15-seimo-nauji	0.0	upstream-absent	the row is printed and holds „-“ on all 27 records
assets_registered_eur	2004-ep	91.7	ok	
assets_registered_eur	2004-prezidento	100.0	ok	
assets_registered_eur	2004-seimo	95.9	ok	
assets_registered_eur	2005-lapkricio-20-seimo-kedainiai	100.0	ok	
assets_registered_eur	2007-spalio-7-seimo-dzukija	100.0	ok	
assets_registered_eur	2007-vasario-25-savivaldybiu	99.4	ok	
assets_registered_eur	2008-seimo	100.0	ok	
assets_registered_eur	2009-ep	100.0	ok	
assets_registered_eur	2009-lapkricio-15-seimo-silale-silute-vilnius-salcininkai	100.0	ok	
assets_registered_eur	2009-prezidento	100.0	ok	
assets_registered_eur	2011-vasario-13-seimo-marijampole	100.0	ok	
assets_registered_eur	2011-vasario-27-savivaldybiu	100.0	ok	
assets_registered_eur	2012-seimo	100.0	ok	
assets_registered_eur	2013-kovo-3-seimo-birzai-zarasai-ukmerge	100.0	ok	
assets_registered_eur	2014-ep	100.0	ok	
assets_registered_eur	2014-prezidento	100.0	ok	
assets_registered_eur	2015-birzelio-21-pakartotiniai-silutes	100.0	ok	
assets_registered_eur	2015-birzelio-7-pakartotiniai-sirvintos-trakai	99.7	ok	
assets_registered_eur	2015-birzelio-7-seimo-varena-eisiskes	100.0	ok	
assets_registered_eur	2015-kovo-1-savivaldybiu	100.0	ok	
assets_registered_eur	2015-kovo-1-seimo-zirmunai	100.0	ok	
assets_registered_eur	2015-lapkricio-8-telsiu-mero	100.0	ok	
assets_registered_eur	2016-seimo	99.8	ok	
assets_registered_eur	2017-balandzio-23-meru	100.0	ok	
assets_registered_eur	2017-balandzio-23-seimo-anyksciai-panevezys	100.0	ok	
assets_registered_eur	2017-rugsejo-10-marijampoles-mero	100.0	ok	
assets_registered_eur	2018-rugsejo-16-seimo-zanavykai	100.0	ok	
assets_registered_eur	2019-ep	100.0	ok	
assets_registered_eur	2019-kovo-3-savivaldybiu-tarybu	100.0	ok	
assets_registered_eur	2019-prezidento	100.0	ok	
assets_registered_eur	2019-rugsejo-8-seimo	100.0	ok	
assets_registered_eur	2020-seimo	99.9	ok	
assets_registered_eur	2021-balandzio-11-radviliskio-mero	100.0	ok	
assets_registered_eur	2021-spalio-10-meru	100.0	ok	
assets_registered_eur	2023-geguzes-7-visagino-mero	100.0	ok	
assets_registered_eur	2023-kovo-5-savivaldybiu-tarybu-ir-meru	100.0	ok	
assets_registered_eur	2023-rugsejo-3-seimo-raseiniai-kedainiai	100.0	ok	
assets_registered_eur	2023-spalio-8-kupiskio-mero	100.0	ok	
assets_registered_eur	2024-ep	100.0	ok	
assets_registered_eur	2024-prezidento	100.0	ok	
assets_registered_eur	2024-seimo	100.0	ok	
assets_registered_eur	2025-kovo-16-meru	100.0	ok	
assets_total_eur	1996-spalio-20-seimo	99.8	ok	
assets_total_eur	1997-birzelio-29-svenciniu-tarybos-pakartotiniai	98.2	ok	
assets_total_eur	1997-gruodzio-21-seimo-pakartotiniai	100.0	ok	
assets_total_eur	1997-kovo-23-savivaldybiu-tarybu	87.3	ok	
assets_total_eur	1997-kovo-23-seimo-pakartotiniai	4.3	ok	
assets_total_eur	1998-kovo-22-seimo-pakartotiniai	18.2	ok	
assets_total_eur	1998-lapkricio-15-seimo-pakartotiniai	100.0	ok	
assets_total_eur	1999-kovo-21-seimo-pakartotiniai	100.0	ok	
assets_total_eur	2000-kovo-19-savivaldybiu-tarybu	100.0	ok	
assets_total_eur	2000-seimo	100.0	ok	
assets_total_eur	2002-gruodzio-22-savivaldybiu-tarybu	98.8	ok	
assets_total_eur	2002-prezidento	0.0	upstream-absent	declarations published only as archive scans (declaration_status: archyvo-skenai)
assets_total_eur	2003-birzelio-15-seimo-nauji	100.0	ok	
assets_total_eur	2004-ep	98.3	ok	
assets_total_eur	2004-prezidento	100.0	ok	
assets_total_eur	2004-seimo	98.7	ok	
assets_total_eur	2005-lapkricio-20-seimo-kedainiai	100.0	ok	
assets_total_eur	2007-spalio-7-seimo-dzukija	100.0	ok	
assets_total_eur	2007-vasario-25-savivaldybiu	99.4	ok	
assets_total_eur	2008-seimo	100.0	ok	
assets_total_eur	2009-ep	100.0	ok	
assets_total_eur	2009-lapkricio-15-seimo-silale-silute-vilnius-salcininkai	100.0	ok	
assets_total_eur	2009-prezidento	100.0	ok	
assets_total_eur	2011-vasario-13-seimo-marijampole	100.0	ok	
assets_total_eur	2011-vasario-27-savivaldybiu	100.0	ok	
assets_total_eur	2012-seimo	100.0	ok	
assets_total_eur	2013-kovo-3-seimo-birzai-zarasai-ukmerge	100.0	ok	
assets_total_eur	2014-ep	100.0	ok	
assets_total_eur	2014-prezidento	100.0	ok	
assets_total_eur	2015-birzelio-21-pakartotiniai-silutes	100.0	ok	
assets_total_eur	2015-birzelio-7-pakartotiniai-sirvintos-trakai	99.7	ok	
assets_total_eur	2015-birzelio-7-seimo-varena-eisiskes	100.0	ok	
assets_total_eur	2015-kovo-1-savivaldybiu	100.0	ok	
assets_total_eur	2015-kovo-1-seimo-zirmunai	100.0	ok	
assets_total_eur	2015-lapkricio-8-telsiu-mero	100.0	ok	
assets_total_eur	2016-seimo	99.8	ok	
assets_total_eur	2017-balandzio-23-meru	100.0	ok	
assets_total_eur	2017-balandzio-23-seimo-anyksciai-panevezys	100.0	ok	
assets_total_eur	2017-rugsejo-10-marijampoles-mero	100.0	ok	
assets_total_eur	2018-rugsejo-16-seimo-zanavykai	100.0	ok	
assets_total_eur	2019-ep	100.0	ok	
assets_total_eur	2019-kovo-3-savivaldybiu-tarybu	100.0	ok	
assets_total_eur	2019-prezidento	100.0	ok	
assets_total_eur	2019-rugsejo-8-seimo	100.0	ok	
assets_total_eur	2020-seimo	99.9	ok	
assets_total_eur	2021-balandzio-11-radviliskio-mero	100.0	ok	
assets_total_eur	2021-spalio-10-meru	100.0	ok	
assets_total_eur	2023-geguzes-7-visagino-mero	100.0	ok	
assets_total_eur	2023-kovo-5-savivaldybiu-tarybu-ir-meru	100.0	ok	
assets_total_eur	2023-rugsejo-3-seimo-raseiniai-kedainiai	100.0	ok	
assets_total_eur	2023-spalio-8-kupiskio-mero	100.0	ok	
assets_total_eur	2024-ep	100.0	ok	
assets_total_eur	2024-prezidento	100.0	ok	
assets_total_eur	2024-seimo	100.0	ok	
assets_total_eur	2025-kovo-16-meru	100.0	ok	
birth_date	1996-spalio-20-seimo	76.2	ok	
birth_date	1997-birzelio-29-svenciniu-tarybos-pakartotiniai	100.0	ok	
birth_date	1997-gruodzio-21-seimo-pakartotiniai	100.0	ok	
birth_date	1997-kovo-23-savivaldybiu-tarybu	100.0	ok	
birth_date	1997-kovo-23-seimo-pakartotiniai	78.3	ok	
birth_date	1998-kovo-22-seimo-pakartotiniai	81.8	ok	
birth_date	1998-lapkricio-15-seimo-pakartotiniai	54.5	ok	
birth_date	1999-kovo-21-seimo-pakartotiniai	68.2	ok	
birth_date	2000-kovo-19-savivaldybiu-tarybu	100.0	ok	
birth_date	2000-seimo	100.0	ok	
birth_date	2002-gruodzio-22-savivaldybiu-tarybu	100.0	ok	
birth_date	2002-prezidento	94.1	ok	
birth_date	2003-birzelio-15-seimo-nauji	100.0	ok	
birth_date	2004-ep	100.0	ok	
birth_date	2004-prezidento	100.0	ok	
birth_date	2004-seimo	100.0	ok	
birth_date	2005-lapkricio-20-seimo-kedainiai	100.0	ok	
birth_date	2007-spalio-7-seimo-dzukija	100.0	ok	
birth_date	2007-vasario-25-savivaldybiu	100.0	ok	
birth_date	2008-seimo	99.9	ok	
birth_date	2009-ep	100.0	ok	
birth_date	2009-lapkricio-15-seimo-silale-silute-vilnius-salcininkai	100.0	ok	
birth_date	2009-prezidento	100.0	ok	
birth_date	2011-vasario-13-seimo-marijampole	100.0	ok	
birth_date	2011-vasario-27-savivaldybiu	100.0	ok	
birth_date	2012-seimo	100.0	ok	
birth_date	2013-kovo-3-seimo-birzai-zarasai-ukmerge	100.0	ok	
birth_date	2014-ep	100.0	ok	
birth_date	2014-prezidento	100.0	ok	
birth_date	2015-birzelio-21-pakartotiniai-silutes	100.0	ok	
birth_date	2015-birzelio-7-pakartotiniai-sirvintos-trakai	99.7	ok	
birth_date	2015-birzelio-7-seimo-varena-eisiskes	100.0	ok	
birth_date	2015-kovo-1-savivaldybiu	100.0	ok	
birth_date	2015-kovo-1-seimo-zirmunai	100.0	ok	
birth_date	2015-lapkricio-8-telsiu-mero	100.0	ok	
birth_date	2016-seimo	100.0	ok	
birth_date	2017-balandzio-23-meru	100.0	ok	
birth_date	2017-balandzio-23-seimo-anyksciai-panevezys	100.0	ok	
birth_date	2017-rugsejo-10-marijampoles-mero	100.0	ok	
birth_date	2018-rugsejo-16-seimo-zanavykai	100.0	ok	
birth_date	2019-ep	100.0	ok	
birth_date	2019-kovo-3-savivaldybiu-tarybu	100.0	ok	
birth_date	2019-prezidento	100.0	ok	
birth_date	2019-rugsejo-8-seimo	100.0	ok	
birth_date	2020-seimo	99.9	ok	
birth_date	2021-balandzio-11-radviliskio-mero	100.0	ok	
birth_date	2021-spalio-10-meru	100.0	ok	
birth_date	2023-geguzes-7-visagino-mero	100.0	ok	
birth_date	2023-kovo-5-savivaldybiu-tarybu-ir-meru	100.0	ok	
birth_date	2023-rugsejo-3-seimo-raseiniai-kedainiai	100.0	ok	
birth_date	2023-spalio-8-kupiskio-mero	100.0	ok	
birth_date	2024-ep	100.0	ok	
birth_date	2024-prezidento	100.0	ok	
birth_date	2024-seimo	100.0	ok	
birth_date	2025-kovo-16-meru	100.0	ok	
birth_place	1996-spalio-20-seimo	95.2	ok	
birth_place	1997-birzelio-29-svenciniu-tarybos-pakartotiniai	76.4	ok	
birth_place	1997-gruodzio-21-seimo-pakartotiniai	75.0	ok	
birth_place	1997-kovo-23-savivaldybiu-tarybu	9.3	ok	
birth_place	1997-kovo-23-seimo-pakartotiniai	91.3	ok	
birth_place	1998-kovo-22-seimo-pakartotiniai	81.8	ok	
birth_place	1998-lapkricio-15-seimo-pakartotiniai	45.5	ok	
birth_place	1999-kovo-21-seimo-pakartotiniai	72.7	ok	
birth_place	2000-kovo-19-savivaldybiu-tarybu	0.0	upstream-absent	the card prints no birth place
birth_place	2000-seimo	10.9	ok	
birth_place	2002-gruodzio-22-savivaldybiu-tarybu	91.7	ok	
birth_place	2002-prezidento	58.8	ok	
birth_place	2003-birzelio-15-seimo-nauji	100.0	ok	
birth_place	2004-ep	99.2	ok	
birth_place	2004-prezidento	0.0	upstream-absent	the five birthplace phrases are the prose helper's documented misses (concept map)
birth_place	2004-seimo	99.2	ok	
birth_place	2005-lapkricio-20-seimo-kedainiai	100.0	ok	
birth_place	2007-spalio-7-seimo-dzukija	100.0	ok	
birth_place	2007-vasario-25-savivaldybiu	88.3	ok	
birth_place	2008-seimo	97.8	ok	
birth_place	2009-ep	98.9	ok	
birth_place	2009-lapkricio-15-seimo-silale-silute-vilnius-salcininkai	94.1	ok	
birth_place	2009-prezidento	85.7	ok	
birth_place	2011-vasario-13-seimo-marijampole	100.0	ok	
birth_place	2011-vasario-27-savivaldybiu	90.7	ok	
birth_place	2012-seimo	96.4	ok	
birth_place	2013-kovo-3-seimo-birzai-zarasai-ukmerge	89.2	ok	
birth_place	2014-ep	99.5	ok	
birth_place	2014-prezidento	100.0	ok	
birth_place	2015-birzelio-21-pakartotiniai-silutes	82.0	ok	
birth_place	2015-birzelio-7-pakartotiniai-sirvintos-trakai	82.6	ok	
birth_place	2015-birzelio-7-seimo-varena-eisiskes	100.0	ok	
birth_place	2015-kovo-1-savivaldybiu	88.3	ok	
birth_place	2015-kovo-1-seimo-zirmunai	100.0	ok	
birth_place	2015-lapkricio-8-telsiu-mero	85.7	ok	
birth_place	2016-seimo	91.1	ok	
birth_place	2017-balandzio-23-meru	100.0	ok	
birth_place	2017-balandzio-23-seimo-anyksciai-panevezys	100.0	ok	
birth_place	2017-rugsejo-10-marijampoles-mero	87.5	ok	
birth_place	2018-rugsejo-16-seimo-zanavykai	100.0	ok	
birth_place	2019-ep	86.4	ok	
birth_place	2019-kovo-3-savivaldybiu-tarybu	77.5	ok	
birth_place	2019-prezidento	100.0	ok	
birth_place	2019-rugsejo-8-seimo	100.0	ok	
birth_place	2020-seimo	97.2	ok	
birth_place	2021-balandzio-11-radviliskio-mero	100.0	ok	
birth_place	2021-spalio-10-meru	85.7	ok	
birth_place	2023-geguzes-7-visagino-mero	50.0	ok	
birth_place	2023-kovo-5-savivaldybiu-tarybu-ir-meru	95.9	ok	
birth_place	2023-rugsejo-3-seimo-raseiniai-kedainiai	100.0	ok	
birth_place	2023-spalio-8-kupiskio-mero	100.0	ok	
birth_place	2024-ep	100.0	ok	
birth_place	2024-prezidento	100.0	ok	
birth_place	2024-seimo	100.0	ok	
birth_place	2025-kovo-16-meru	100.0	ok	
campaign_key	1996-spalio-20-seimo	0.0	upstream-absent	no campaign-finance pages before the 2007-10 Dzūkija by-election
campaign_key	1997-birzelio-29-svenciniu-tarybos-pakartotiniai	0.0	upstream-absent	no campaign-finance pages before the 2007-10 Dzūkija by-election
campaign_key	1997-gruodzio-21-seimo-pakartotiniai	0.0	upstream-absent	no campaign-finance pages before the 2007-10 Dzūkija by-election
campaign_key	1997-kovo-23-savivaldybiu-tarybu	0.0	upstream-absent	no campaign-finance pages before the 2007-10 Dzūkija by-election
campaign_key	1997-kovo-23-seimo-pakartotiniai	0.0	upstream-absent	no campaign-finance pages before the 2007-10 Dzūkija by-election
campaign_key	1998-kovo-22-seimo-pakartotiniai	0.0	upstream-absent	no campaign-finance pages before the 2007-10 Dzūkija by-election
campaign_key	1998-lapkricio-15-seimo-pakartotiniai	0.0	upstream-absent	no campaign-finance pages before the 2007-10 Dzūkija by-election
campaign_key	1999-kovo-21-seimo-pakartotiniai	0.0	upstream-absent	no campaign-finance pages before the 2007-10 Dzūkija by-election
campaign_key	2000-kovo-19-savivaldybiu-tarybu	0.0	upstream-absent	no campaign-finance pages before the 2007-10 Dzūkija by-election
campaign_key	2000-seimo	0.0	upstream-absent	no campaign-finance pages before the 2007-10 Dzūkija by-election
campaign_key	2002-gruodzio-22-savivaldybiu-tarybu	0.0	upstream-absent	no campaign-finance pages before the 2007-10 Dzūkija by-election
campaign_key	2002-prezidento	0.0	upstream-absent	no campaign-finance pages before the 2007-10 Dzūkija by-election
campaign_key	2003-birzelio-15-seimo-nauji	0.0	upstream-absent	no campaign-finance pages before the 2007-10 Dzūkija by-election
campaign_key	2004-ep	0.0	upstream-absent	no campaign-finance pages before the 2007-10 Dzūkija by-election
campaign_key	2004-prezidento	0.0	upstream-absent	no campaign-finance pages before the 2007-10 Dzūkija by-election
campaign_key	2004-seimo	0.0	upstream-absent	no campaign-finance pages before the 2007-10 Dzūkija by-election
campaign_key	2005-lapkricio-20-seimo-kedainiai	0.0	upstream-absent	no campaign-finance pages before the 2007-10 Dzūkija by-election
campaign_key	2007-spalio-7-seimo-dzukija	40.0	ok	
campaign_key	2007-vasario-25-savivaldybiu	0.0	upstream-absent	no campaign-finance pages before the 2007-10 Dzūkija by-election
campaign_key	2008-seimo	0.0	upstream-absent	VRK publishes no campaign-participant section for this election's candidates
campaign_key	2009-ep	99.2	ok	
campaign_key	2009-lapkricio-15-seimo-silale-silute-vilnius-salcininkai	100.0	ok	
campaign_key	2009-prezidento	100.0	ok	
campaign_key	2011-vasario-13-seimo-marijampole	100.0	ok	
campaign_key	2011-vasario-27-savivaldybiu	0.0	upstream-absent	VRK publishes no campaign-participant section for this election's candidates
campaign_key	2012-seimo	100.0	ok	
campaign_key	2013-kovo-3-seimo-birzai-zarasai-ukmerge	100.0	ok	
campaign_key	2014-ep	100.0	ok	
campaign_key	2014-prezidento	100.0	ok	
campaign_key	2015-birzelio-21-pakartotiniai-silutes	49.7	ok	
campaign_key	2015-birzelio-7-pakartotiniai-sirvintos-trakai	87.2	ok	
campaign_key	2015-birzelio-7-seimo-varena-eisiskes	100.0	ok	
campaign_key	2015-kovo-1-savivaldybiu	91.5	ok	
campaign_key	2015-kovo-1-seimo-zirmunai	100.0	ok	
campaign_key	2015-lapkricio-8-telsiu-mero	100.0	ok	
campaign_key	2016-seimo	47.5	ok	
campaign_key	2017-balandzio-23-meru	100.0	ok	
campaign_key	2017-balandzio-23-seimo-anyksciai-panevezys	100.0	ok	
campaign_key	2017-rugsejo-10-marijampoles-mero	100.0	ok	
campaign_key	2018-rugsejo-16-seimo-zanavykai	100.0	ok	
campaign_key	2019-ep	92.7	ok	
campaign_key	2019-kovo-3-savivaldybiu-tarybu	3.0	ok	
campaign_key	2019-prezidento	100.0	ok	
campaign_key	2019-rugsejo-8-seimo	100.0	ok	
campaign_key	2020-seimo	43.2	ok	
campaign_key	2021-balandzio-11-radviliskio-mero	100.0	ok	
campaign_key	2021-spalio-10-meru	100.0	ok	
campaign_key	2023-geguzes-7-visagino-mero	0.0	upstream-absent	VRK publishes no campaign-participant section for this election's candidates
campaign_key	2023-kovo-5-savivaldybiu-tarybu-ir-meru	3.1	ok	
campaign_key	2023-rugsejo-3-seimo-raseiniai-kedainiai	100.0	ok	
campaign_key	2023-spalio-8-kupiskio-mero	100.0	ok	
campaign_key	2024-ep	0.0	upstream-absent	VRK publishes no campaign-participant section for this election's candidates
campaign_key	2024-prezidento	0.0	upstream-absent	VRK publishes no campaign-participant section for this election's candidates
campaign_key	2024-seimo	40.2	ok	
campaign_key	2025-kovo-16-meru	71.4	ok	
campaign_status	1996-spalio-20-seimo	0.0	upstream-absent	no campaign-finance pages before the 2007-10 Dzūkija by-election
campaign_status	1997-birzelio-29-svenciniu-tarybos-pakartotiniai	0.0	upstream-absent	no campaign-finance pages before the 2007-10 Dzūkija by-election
campaign_status	1997-gruodzio-21-seimo-pakartotiniai	0.0	upstream-absent	no campaign-finance pages before the 2007-10 Dzūkija by-election
campaign_status	1997-kovo-23-savivaldybiu-tarybu	0.0	upstream-absent	no campaign-finance pages before the 2007-10 Dzūkija by-election
campaign_status	1997-kovo-23-seimo-pakartotiniai	0.0	upstream-absent	no campaign-finance pages before the 2007-10 Dzūkija by-election
campaign_status	1998-kovo-22-seimo-pakartotiniai	0.0	upstream-absent	no campaign-finance pages before the 2007-10 Dzūkija by-election
campaign_status	1998-lapkricio-15-seimo-pakartotiniai	0.0	upstream-absent	no campaign-finance pages before the 2007-10 Dzūkija by-election
campaign_status	1999-kovo-21-seimo-pakartotiniai	0.0	upstream-absent	no campaign-finance pages before the 2007-10 Dzūkija by-election
campaign_status	2000-kovo-19-savivaldybiu-tarybu	0.0	upstream-absent	no campaign-finance pages before the 2007-10 Dzūkija by-election
campaign_status	2000-seimo	0.0	upstream-absent	no campaign-finance pages before the 2007-10 Dzūkija by-election
campaign_status	2002-gruodzio-22-savivaldybiu-tarybu	0.0	upstream-absent	no campaign-finance pages before the 2007-10 Dzūkija by-election
campaign_status	2002-prezidento	0.0	upstream-absent	no campaign-finance pages before the 2007-10 Dzūkija by-election
campaign_status	2003-birzelio-15-seimo-nauji	0.0	upstream-absent	no campaign-finance pages before the 2007-10 Dzūkija by-election
campaign_status	2004-ep	0.0	upstream-absent	no campaign-finance pages before the 2007-10 Dzūkija by-election
campaign_status	2004-prezidento	0.0	upstream-absent	no campaign-finance pages before the 2007-10 Dzūkija by-election
campaign_status	2004-seimo	0.0	upstream-absent	no campaign-finance pages before the 2007-10 Dzūkija by-election
campaign_status	2005-lapkricio-20-seimo-kedainiai	0.0	upstream-absent	no campaign-finance pages before the 2007-10 Dzūkija by-election
campaign_status	2007-spalio-7-seimo-dzukija	40.0	ok	
campaign_status	2007-vasario-25-savivaldybiu	0.0	upstream-absent	no campaign-finance pages before the 2007-10 Dzūkija by-election
campaign_status	2008-seimo	0.0	upstream-absent	VRK publishes no campaign-participant section for this election's candidates
campaign_status	2009-ep	99.2	ok	
campaign_status	2009-lapkricio-15-seimo-silale-silute-vilnius-salcininkai	100.0	ok	
campaign_status	2009-prezidento	100.0	ok	
campaign_status	2011-vasario-13-seimo-marijampole	100.0	ok	
campaign_status	2011-vasario-27-savivaldybiu	0.0	upstream-absent	VRK publishes no campaign-participant section for this election's candidates
campaign_status	2012-seimo	100.0	ok	
campaign_status	2013-kovo-3-seimo-birzai-zarasai-ukmerge	100.0	ok	
campaign_status	2014-ep	100.0	ok	
campaign_status	2014-prezidento	100.0	ok	
campaign_status	2015-birzelio-21-pakartotiniai-silutes	49.7	ok	
campaign_status	2015-birzelio-7-pakartotiniai-sirvintos-trakai	87.2	ok	
campaign_status	2015-birzelio-7-seimo-varena-eisiskes	100.0	ok	
campaign_status	2015-kovo-1-savivaldybiu	91.5	ok	
campaign_status	2015-kovo-1-seimo-zirmunai	100.0	ok	
campaign_status	2015-lapkricio-8-telsiu-mero	100.0	ok	
campaign_status	2016-seimo	47.5	ok	
campaign_status	2017-balandzio-23-meru	100.0	ok	
campaign_status	2017-balandzio-23-seimo-anyksciai-panevezys	100.0	ok	
campaign_status	2017-rugsejo-10-marijampoles-mero	100.0	ok	
campaign_status	2018-rugsejo-16-seimo-zanavykai	100.0	ok	
campaign_status	2019-ep	92.7	ok	
campaign_status	2019-kovo-3-savivaldybiu-tarybu	3.0	ok	
campaign_status	2019-prezidento	100.0	ok	
campaign_status	2019-rugsejo-8-seimo	100.0	ok	
campaign_status	2020-seimo	43.2	ok	
campaign_status	2021-balandzio-11-radviliskio-mero	100.0	ok	
campaign_status	2021-spalio-10-meru	100.0	ok	
campaign_status	2023-geguzes-7-visagino-mero	0.0	upstream-absent	VRK publishes no campaign-participant section for this election's candidates
campaign_status	2023-kovo-5-savivaldybiu-tarybu-ir-meru	3.1	ok	
campaign_status	2023-rugsejo-3-seimo-raseiniai-kedainiai	100.0	ok	
campaign_status	2023-spalio-8-kupiskio-mero	100.0	ok	
campaign_status	2024-ep	0.0	upstream-absent	VRK publishes no campaign-participant section for this election's candidates
campaign_status	2024-prezidento	0.0	upstream-absent	VRK publishes no campaign-participant section for this election's candidates
campaign_status	2024-seimo	40.2	ok	
campaign_status	2025-kovo-16-meru	71.4	ok	
candidate_id	1996-spalio-20-seimo	100.0	ok	
candidate_id	1997-birzelio-29-svenciniu-tarybos-pakartotiniai	100.0	ok	
candidate_id	1997-gruodzio-21-seimo-pakartotiniai	100.0	ok	
candidate_id	1997-kovo-23-savivaldybiu-tarybu	100.0	ok	
candidate_id	1997-kovo-23-seimo-pakartotiniai	100.0	ok	
candidate_id	1998-kovo-22-seimo-pakartotiniai	100.0	ok	
candidate_id	1998-lapkricio-15-seimo-pakartotiniai	100.0	ok	
candidate_id	1999-kovo-21-seimo-pakartotiniai	100.0	ok	
candidate_id	2000-kovo-19-savivaldybiu-tarybu	100.0	ok	
candidate_id	2000-seimo	100.0	ok	
candidate_id	2002-gruodzio-22-savivaldybiu-tarybu	100.0	ok	
candidate_id	2002-prezidento	100.0	ok	
candidate_id	2003-birzelio-15-seimo-nauji	100.0	ok	
candidate_id	2004-ep	100.0	ok	
candidate_id	2004-prezidento	100.0	ok	
candidate_id	2004-seimo	100.0	ok	
candidate_id	2005-lapkricio-20-seimo-kedainiai	100.0	ok	
candidate_id	2007-spalio-7-seimo-dzukija	100.0	ok	
candidate_id	2007-vasario-25-savivaldybiu	100.0	ok	
candidate_id	2008-seimo	100.0	ok	
candidate_id	2009-ep	100.0	ok	
candidate_id	2009-lapkricio-15-seimo-silale-silute-vilnius-salcininkai	100.0	ok	
candidate_id	2009-prezidento	100.0	ok	
candidate_id	2011-vasario-13-seimo-marijampole	100.0	ok	
candidate_id	2011-vasario-27-savivaldybiu	100.0	ok	
candidate_id	2012-seimo	100.0	ok	
candidate_id	2013-kovo-3-seimo-birzai-zarasai-ukmerge	100.0	ok	
candidate_id	2014-ep	100.0	ok	
candidate_id	2014-prezidento	100.0	ok	
candidate_id	2015-birzelio-21-pakartotiniai-silutes	100.0	ok	
candidate_id	2015-birzelio-7-pakartotiniai-sirvintos-trakai	100.0	ok	
candidate_id	2015-birzelio-7-seimo-varena-eisiskes	100.0	ok	
candidate_id	2015-kovo-1-savivaldybiu	100.0	ok	
candidate_id	2015-kovo-1-seimo-zirmunai	100.0	ok	
candidate_id	2015-lapkricio-8-telsiu-mero	100.0	ok	
candidate_id	2016-seimo	100.0	ok	
candidate_id	2017-balandzio-23-meru	100.0	ok	
candidate_id	2017-balandzio-23-seimo-anyksciai-panevezys	100.0	ok	
candidate_id	2017-rugsejo-10-marijampoles-mero	100.0	ok	
candidate_id	2018-rugsejo-16-seimo-zanavykai	100.0	ok	
candidate_id	2019-ep	100.0	ok	
candidate_id	2019-kovo-3-savivaldybiu-tarybu	100.0	ok	
candidate_id	2019-prezidento	100.0	ok	
candidate_id	2019-rugsejo-8-seimo	100.0	ok	
candidate_id	2020-seimo	100.0	ok	
candidate_id	2021-balandzio-11-radviliskio-mero	100.0	ok	
candidate_id	2021-spalio-10-meru	100.0	ok	
candidate_id	2023-geguzes-7-visagino-mero	100.0	ok	
candidate_id	2023-kovo-5-savivaldybiu-tarybu-ir-meru	100.0	ok	
candidate_id	2023-rugsejo-3-seimo-raseiniai-kedainiai	100.0	ok	
candidate_id	2023-spalio-8-kupiskio-mero	100.0	ok	
candidate_id	2024-ep	100.0	ok	
candidate_id	2024-prezidento	100.0	ok	
candidate_id	2024-seimo	100.0	ok	
candidate_id	2025-kovo-16-meru	100.0	ok	
candidate_name	1996-spalio-20-seimo	100.0	ok	
candidate_name	1997-birzelio-29-svenciniu-tarybos-pakartotiniai	100.0	ok	
candidate_name	1997-gruodzio-21-seimo-pakartotiniai	100.0	ok	
candidate_name	1997-kovo-23-savivaldybiu-tarybu	100.0	ok	
candidate_name	1997-kovo-23-seimo-pakartotiniai	100.0	ok	
candidate_name	1998-kovo-22-seimo-pakartotiniai	100.0	ok	
candidate_name	1998-lapkricio-15-seimo-pakartotiniai	100.0	ok	
candidate_name	1999-kovo-21-seimo-pakartotiniai	100.0	ok	
candidate_name	2000-kovo-19-savivaldybiu-tarybu	100.0	ok	
candidate_name	2000-seimo	100.0	ok	
candidate_name	2002-gruodzio-22-savivaldybiu-tarybu	100.0	ok	
candidate_name	2002-prezidento	100.0	ok	
candidate_name	2003-birzelio-15-seimo-nauji	100.0	ok	
candidate_name	2004-ep	100.0	ok	
candidate_name	2004-prezidento	100.0	ok	
candidate_name	2004-seimo	100.0	ok	
candidate_name	2005-lapkricio-20-seimo-kedainiai	100.0	ok	
candidate_name	2007-spalio-7-seimo-dzukija	100.0	ok	
candidate_name	2007-vasario-25-savivaldybiu	100.0	ok	
candidate_name	2008-seimo	100.0	ok	
candidate_name	2009-ep	100.0	ok	
candidate_name	2009-lapkricio-15-seimo-silale-silute-vilnius-salcininkai	100.0	ok	
candidate_name	2009-prezidento	100.0	ok	
candidate_name	2011-vasario-13-seimo-marijampole	100.0	ok	
candidate_name	2011-vasario-27-savivaldybiu	100.0	ok	
candidate_name	2012-seimo	100.0	ok	
candidate_name	2013-kovo-3-seimo-birzai-zarasai-ukmerge	100.0	ok	
candidate_name	2014-ep	100.0	ok	
candidate_name	2014-prezidento	100.0	ok	
candidate_name	2015-birzelio-21-pakartotiniai-silutes	100.0	ok	
candidate_name	2015-birzelio-7-pakartotiniai-sirvintos-trakai	100.0	ok	
candidate_name	2015-birzelio-7-seimo-varena-eisiskes	100.0	ok	
candidate_name	2015-kovo-1-savivaldybiu	100.0	ok	
candidate_name	2015-kovo-1-seimo-zirmunai	100.0	ok	
candidate_name	2015-lapkricio-8-telsiu-mero	100.0	ok	
candidate_name	2016-seimo	100.0	ok	
candidate_name	2017-balandzio-23-meru	100.0	ok	
candidate_name	2017-balandzio-23-seimo-anyksciai-panevezys	100.0	ok	
candidate_name	2017-rugsejo-10-marijampoles-mero	100.0	ok	
candidate_name	2018-rugsejo-16-seimo-zanavykai	100.0	ok	
candidate_name	2019-ep	100.0	ok	
candidate_name	2019-kovo-3-savivaldybiu-tarybu	100.0	ok	
candidate_name	2019-prezidento	100.0	ok	
candidate_name	2019-rugsejo-8-seimo	100.0	ok	
candidate_name	2020-seimo	100.0	ok	
candidate_name	2021-balandzio-11-radviliskio-mero	100.0	ok	
candidate_name	2021-spalio-10-meru	100.0	ok	
candidate_name	2023-geguzes-7-visagino-mero	100.0	ok	
candidate_name	2023-kovo-5-savivaldybiu-tarybu-ir-meru	100.0	ok	
candidate_name	2023-rugsejo-3-seimo-raseiniai-kedainiai	100.0	ok	
candidate_name	2023-spalio-8-kupiskio-mero	100.0	ok	
candidate_name	2024-ep	100.0	ok	
candidate_name	2024-prezidento	100.0	ok	
candidate_name	2024-seimo	100.0	ok	
candidate_name	2025-kovo-16-meru	100.0	ok	
cash_eur	1996-spalio-20-seimo	0.0	upstream-absent	the 1996-2000 form holds wealth in one combined row (assets_total_eur, measure turtas-plius-lesos); this key is a null placeholder there
cash_eur	1997-birzelio-29-svenciniu-tarybos-pakartotiniai	0.0	upstream-absent	the 1996-2000 form holds wealth in one combined row (assets_total_eur, measure turtas-plius-lesos); this key is a null placeholder there
cash_eur	1997-gruodzio-21-seimo-pakartotiniai	0.0	upstream-absent	the 1996-2000 form holds wealth in one combined row (assets_total_eur, measure turtas-plius-lesos); this key is a null placeholder there
cash_eur	1997-kovo-23-savivaldybiu-tarybu	0.0	upstream-absent	the 1996-2000 form holds wealth in one combined row (assets_total_eur, measure turtas-plius-lesos); this key is a null placeholder there
cash_eur	1997-kovo-23-seimo-pakartotiniai	0.0	upstream-absent	the 1996-2000 form holds wealth in one combined row (assets_total_eur, measure turtas-plius-lesos); this key is a null placeholder there
cash_eur	1998-kovo-22-seimo-pakartotiniai	0.0	upstream-absent	the 1996-2000 form holds wealth in one combined row (assets_total_eur, measure turtas-plius-lesos); this key is a null placeholder there
cash_eur	1998-lapkricio-15-seimo-pakartotiniai	0.0	upstream-absent	the 1996-2000 form holds wealth in one combined row (assets_total_eur, measure turtas-plius-lesos); this key is a null placeholder there
cash_eur	1999-kovo-21-seimo-pakartotiniai	0.0	upstream-absent	the 1996-2000 form holds wealth in one combined row (assets_total_eur, measure turtas-plius-lesos); this key is a null placeholder there
cash_eur	2000-kovo-19-savivaldybiu-tarybu	0.0	upstream-absent	the 1996-2000 form holds wealth in one combined row (assets_total_eur, measure turtas-plius-lesos); this key is a null placeholder there
cash_eur	2000-seimo	0.0	upstream-absent	the 1996-2000 form holds wealth in one combined row (assets_total_eur, measure turtas-plius-lesos); this key is a null placeholder there
cash_eur	2002-gruodzio-22-savivaldybiu-tarybu	98.2	ok	
cash_eur	2002-prezidento	0.0	upstream-absent	declarations published only as archive scans (declaration_status: archyvo-skenai)
cash_eur	2003-birzelio-15-seimo-nauji	88.9	ok	
cash_eur	2004-ep	90.9	ok	
cash_eur	2004-prezidento	100.0	ok	
cash_eur	2004-seimo	89.6	ok	
cash_eur	2005-lapkricio-20-seimo-kedainiai	80.0	ok	
cash_eur	2007-spalio-7-seimo-dzukija	100.0	ok	
cash_eur	2007-vasario-25-savivaldybiu	99.4	ok	
cash_eur	2008-seimo	100.0	ok	
cash_eur	2009-ep	100.0	ok	
cash_eur	2009-lapkricio-15-seimo-silale-silute-vilnius-salcininkai	100.0	ok	
cash_eur	2009-prezidento	100.0	ok	
cash_eur	2011-vasario-13-seimo-marijampole	100.0	ok	
cash_eur	2011-vasario-27-savivaldybiu	100.0	ok	
cash_eur	2012-seimo	100.0	ok	
cash_eur	2013-kovo-3-seimo-birzai-zarasai-ukmerge	100.0	ok	
cash_eur	2014-ep	100.0	ok	
cash_eur	2014-prezidento	100.0	ok	
cash_eur	2015-birzelio-21-pakartotiniai-silutes	100.0	ok	
cash_eur	2015-birzelio-7-pakartotiniai-sirvintos-trakai	99.7	ok	
cash_eur	2015-birzelio-7-seimo-varena-eisiskes	100.0	ok	
cash_eur	2015-kovo-1-savivaldybiu	100.0	ok	
cash_eur	2015-kovo-1-seimo-zirmunai	100.0	ok	
cash_eur	2015-lapkricio-8-telsiu-mero	100.0	ok	
cash_eur	2016-seimo	99.8	ok	
cash_eur	2017-balandzio-23-meru	100.0	ok	
cash_eur	2017-balandzio-23-seimo-anyksciai-panevezys	100.0	ok	
cash_eur	2017-rugsejo-10-marijampoles-mero	100.0	ok	
cash_eur	2018-rugsejo-16-seimo-zanavykai	100.0	ok	
cash_eur	2019-ep	100.0	ok	
cash_eur	2019-kovo-3-savivaldybiu-tarybu	100.0	ok	
cash_eur	2019-prezidento	100.0	ok	
cash_eur	2019-rugsejo-8-seimo	100.0	ok	
cash_eur	2020-seimo	99.9	ok	
cash_eur	2021-balandzio-11-radviliskio-mero	100.0	ok	
cash_eur	2021-spalio-10-meru	100.0	ok	
cash_eur	2023-geguzes-7-visagino-mero	100.0	ok	
cash_eur	2023-kovo-5-savivaldybiu-tarybu-ir-meru	100.0	ok	
cash_eur	2023-rugsejo-3-seimo-raseiniai-kedainiai	100.0	ok	
cash_eur	2023-spalio-8-kupiskio-mero	100.0	ok	
cash_eur	2024-ep	100.0	ok	
cash_eur	2024-prezidento	100.0	ok	
cash_eur	2024-seimo	100.0	ok	
cash_eur	2025-kovo-16-meru	100.0	ok	
constituency	1996-spalio-20-seimo	100.0	ok	
constituency	1997-birzelio-29-svenciniu-tarybos-pakartotiniai	0.0	upstream-absent	not a Seimas election; no single-mandate constituency
constituency	1997-gruodzio-21-seimo-pakartotiniai	100.0	ok	
constituency	1997-kovo-23-savivaldybiu-tarybu	0.0	upstream-absent	not a Seimas election; no single-mandate constituency
constituency	1997-kovo-23-seimo-pakartotiniai	100.0	ok	
constituency	1998-kovo-22-seimo-pakartotiniai	100.0	ok	
constituency	1998-lapkricio-15-seimo-pakartotiniai	100.0	ok	
constituency	1999-kovo-21-seimo-pakartotiniai	100.0	ok	
constituency	2000-kovo-19-savivaldybiu-tarybu	0.0	upstream-absent	not a Seimas election; no single-mandate constituency
constituency	2000-seimo	100.0	ok	
constituency	2002-gruodzio-22-savivaldybiu-tarybu	0.0	upstream-absent	not a Seimas election; no single-mandate constituency
constituency	2002-prezidento	0.0	upstream-absent	not a Seimas election; no single-mandate constituency
constituency	2003-birzelio-15-seimo-nauji	100.0	ok	
constituency	2004-ep	0.0	upstream-absent	not a Seimas election; no single-mandate constituency
constituency	2004-prezidento	0.0	upstream-absent	not a Seimas election; no single-mandate constituency
constituency	2004-seimo	100.0	ok	
constituency	2005-lapkricio-20-seimo-kedainiai	100.0	ok	
constituency	2007-spalio-7-seimo-dzukija	100.0	ok	
constituency	2007-vasario-25-savivaldybiu	0.0	upstream-absent	not a Seimas election; no single-mandate constituency
constituency	2008-seimo	100.0	ok	
constituency	2009-ep	0.0	upstream-absent	not a Seimas election; no single-mandate constituency
constituency	2009-lapkricio-15-seimo-silale-silute-vilnius-salcininkai	100.0	ok	
constituency	2009-prezidento	0.0	upstream-absent	not a Seimas election; no single-mandate constituency
constituency	2011-vasario-13-seimo-marijampole	100.0	ok	
constituency	2011-vasario-27-savivaldybiu	0.0	upstream-absent	not a Seimas election; no single-mandate constituency
constituency	2012-seimo	100.0	ok	
constituency	2013-kovo-3-seimo-birzai-zarasai-ukmerge	100.0	ok	
constituency	2014-ep	0.0	upstream-absent	not a Seimas election; no single-mandate constituency
constituency	2014-prezidento	0.0	upstream-absent	not a Seimas election; no single-mandate constituency
constituency	2015-birzelio-21-pakartotiniai-silutes	0.0	upstream-absent	not a Seimas election; no single-mandate constituency
constituency	2015-birzelio-7-pakartotiniai-sirvintos-trakai	0.0	upstream-absent	not a Seimas election; no single-mandate constituency
constituency	2015-birzelio-7-seimo-varena-eisiskes	100.0	ok	
constituency	2015-kovo-1-savivaldybiu	0.0	upstream-absent	not a Seimas election; no single-mandate constituency
constituency	2015-kovo-1-seimo-zirmunai	100.0	ok	
constituency	2015-lapkricio-8-telsiu-mero	0.0	upstream-absent	not a Seimas election; no single-mandate constituency
constituency	2016-seimo	47.6	ok	
constituency	2017-balandzio-23-meru	0.0	upstream-absent	not a Seimas election; no single-mandate constituency
constituency	2017-balandzio-23-seimo-anyksciai-panevezys	100.0	ok	
constituency	2017-rugsejo-10-marijampoles-mero	0.0	upstream-absent	not a Seimas election; no single-mandate constituency
constituency	2018-rugsejo-16-seimo-zanavykai	100.0	ok	
constituency	2019-ep	0.0	upstream-absent	not a Seimas election; no single-mandate constituency
constituency	2019-kovo-3-savivaldybiu-tarybu	0.0	upstream-absent	not a Seimas election; no single-mandate constituency
constituency	2019-prezidento	0.0	upstream-absent	not a Seimas election; no single-mandate constituency
constituency	2019-rugsejo-8-seimo	100.0	ok	
constituency	2020-seimo	43.2	ok	
constituency	2021-balandzio-11-radviliskio-mero	0.0	upstream-absent	not a Seimas election; no single-mandate constituency
constituency	2021-spalio-10-meru	0.0	upstream-absent	not a Seimas election; no single-mandate constituency
constituency	2023-geguzes-7-visagino-mero	0.0	upstream-absent	not a Seimas election; no single-mandate constituency
constituency	2023-kovo-5-savivaldybiu-tarybu-ir-meru	0.0	upstream-absent	not a Seimas election; no single-mandate constituency
constituency	2023-rugsejo-3-seimo-raseiniai-kedainiai	100.0	ok	
constituency	2023-spalio-8-kupiskio-mero	0.0	upstream-absent	not a Seimas election; no single-mandate constituency
constituency	2024-ep	0.0	upstream-absent	not a Seimas election; no single-mandate constituency
constituency	2024-prezidento	0.0	upstream-absent	not a Seimas election; no single-mandate constituency
constituency	2024-seimo	40.2	ok	
constituency	2025-kovo-16-meru	0.0	upstream-absent	not a Seimas election; no single-mandate constituency
conviction_status	1996-spalio-20-seimo	100.0	ok	
conviction_status	1997-birzelio-29-svenciniu-tarybos-pakartotiniai	100.0	ok	
conviction_status	1997-gruodzio-21-seimo-pakartotiniai	100.0	ok	
conviction_status	1997-kovo-23-savivaldybiu-tarybu	100.0	ok	
conviction_status	1997-kovo-23-seimo-pakartotiniai	100.0	ok	
conviction_status	1998-kovo-22-seimo-pakartotiniai	100.0	ok	
conviction_status	1998-lapkricio-15-seimo-pakartotiniai	100.0	ok	
conviction_status	1999-kovo-21-seimo-pakartotiniai	100.0	ok	
conviction_status	2000-kovo-19-savivaldybiu-tarybu	100.0	ok	
conviction_status	2000-seimo	100.0	ok	
conviction_status	2002-gruodzio-22-savivaldybiu-tarybu	100.0	ok	
conviction_status	2002-prezidento	100.0	ok	
conviction_status	2003-birzelio-15-seimo-nauji	100.0	ok	
conviction_status	2004-ep	100.0	ok	
conviction_status	2004-prezidento	100.0	ok	
conviction_status	2004-seimo	100.0	ok	
conviction_status	2005-lapkricio-20-seimo-kedainiai	100.0	ok	
conviction_status	2007-spalio-7-seimo-dzukija	100.0	ok	
conviction_status	2007-vasario-25-savivaldybiu	100.0	ok	
conviction_status	2008-seimo	100.0	ok	
conviction_status	2009-ep	100.0	ok	
conviction_status	2009-lapkricio-15-seimo-silale-silute-vilnius-salcininkai	100.0	ok	
conviction_status	2009-prezidento	100.0	ok	
conviction_status	2011-vasario-13-seimo-marijampole	100.0	ok	
conviction_status	2011-vasario-27-savivaldybiu	100.0	ok	
conviction_status	2012-seimo	100.0	ok	
conviction_status	2013-kovo-3-seimo-birzai-zarasai-ukmerge	100.0	ok	
conviction_status	2014-ep	100.0	ok	
conviction_status	2014-prezidento	100.0	ok	
conviction_status	2015-birzelio-21-pakartotiniai-silutes	100.0	ok	
conviction_status	2015-birzelio-7-pakartotiniai-sirvintos-trakai	100.0	ok	
conviction_status	2015-birzelio-7-seimo-varena-eisiskes	100.0	ok	
conviction_status	2015-kovo-1-savivaldybiu	100.0	ok	
conviction_status	2015-kovo-1-seimo-zirmunai	100.0	ok	
conviction_status	2015-lapkricio-8-telsiu-mero	100.0	ok	
conviction_status	2016-seimo	100.0	ok	
conviction_status	2017-balandzio-23-meru	100.0	ok	
conviction_status	2017-balandzio-23-seimo-anyksciai-panevezys	100.0	ok	
conviction_status	2017-rugsejo-10-marijampoles-mero	100.0	ok	
conviction_status	2018-rugsejo-16-seimo-zanavykai	100.0	ok	
conviction_status	2019-ep	100.0	ok	
conviction_status	2019-kovo-3-savivaldybiu-tarybu	100.0	ok	
conviction_status	2019-prezidento	100.0	ok	
conviction_status	2019-rugsejo-8-seimo	100.0	ok	
conviction_status	2020-seimo	100.0	ok	
conviction_status	2021-balandzio-11-radviliskio-mero	100.0	ok	
conviction_status	2021-spalio-10-meru	100.0	ok	
conviction_status	2023-geguzes-7-visagino-mero	100.0	ok	
conviction_status	2023-kovo-5-savivaldybiu-tarybu-ir-meru	100.0	ok	
conviction_status	2023-rugsejo-3-seimo-raseiniai-kedainiai	100.0	ok	
conviction_status	2023-spalio-8-kupiskio-mero	100.0	ok	
conviction_status	2024-ep	100.0	ok	
conviction_status	2024-prezidento	100.0	ok	
conviction_status	2024-seimo	100.0	ok	
conviction_status	2025-kovo-16-meru	100.0	ok	
currency_rate	1996-spalio-20-seimo	100.0	ok	
currency_rate	1997-birzelio-29-svenciniu-tarybos-pakartotiniai	98.2	ok	
currency_rate	1997-gruodzio-21-seimo-pakartotiniai	100.0	ok	
currency_rate	1997-kovo-23-savivaldybiu-tarybu	87.3	ok	
currency_rate	1997-kovo-23-seimo-pakartotiniai	4.3	ok	
currency_rate	1998-kovo-22-seimo-pakartotiniai	18.2	ok	
currency_rate	1998-lapkricio-15-seimo-pakartotiniai	100.0	ok	
currency_rate	1999-kovo-21-seimo-pakartotiniai	100.0	ok	
currency_rate	2000-kovo-19-savivaldybiu-tarybu	100.0	ok	
currency_rate	2000-seimo	100.0	ok	
currency_rate	2002-gruodzio-22-savivaldybiu-tarybu	100.0	ok	
currency_rate	2002-prezidento	0.0	upstream-absent	declarations published only as archive scans
currency_rate	2003-birzelio-15-seimo-nauji	100.0	ok	
currency_rate	2004-ep	100.0	ok	
currency_rate	2004-prezidento	100.0	ok	
currency_rate	2004-seimo	99.9	ok	
currency_rate	2005-lapkricio-20-seimo-kedainiai	100.0	ok	
currency_rate	2007-spalio-7-seimo-dzukija	100.0	ok	
currency_rate	2007-vasario-25-savivaldybiu	100.0	ok	
currency_rate	2008-seimo	100.0	ok	
currency_rate	2009-ep	100.0	ok	
currency_rate	2009-lapkricio-15-seimo-silale-silute-vilnius-salcininkai	100.0	ok	
currency_rate	2009-prezidento	100.0	ok	
currency_rate	2011-vasario-13-seimo-marijampole	100.0	ok	
currency_rate	2011-vasario-27-savivaldybiu	100.0	ok	
currency_rate	2012-seimo	100.0	ok	
currency_rate	2013-kovo-3-seimo-birzai-zarasai-ukmerge	100.0	ok	
currency_rate	2014-ep	100.0	ok	
currency_rate	2014-prezidento	100.0	ok	
currency_rate	2015-birzelio-21-pakartotiniai-silutes	100.0	ok	
currency_rate	2015-birzelio-7-pakartotiniai-sirvintos-trakai	100.0	ok	
currency_rate	2015-birzelio-7-seimo-varena-eisiskes	100.0	ok	
currency_rate	2015-kovo-1-savivaldybiu	100.0	ok	
currency_rate	2015-kovo-1-seimo-zirmunai	100.0	ok	
currency_rate	2015-lapkricio-8-telsiu-mero	100.0	ok	
currency_rate	2016-seimo	100.0	ok	
currency_rate	2017-balandzio-23-meru	100.0	ok	
currency_rate	2017-balandzio-23-seimo-anyksciai-panevezys	100.0	ok	
currency_rate	2017-rugsejo-10-marijampoles-mero	100.0	ok	
currency_rate	2018-rugsejo-16-seimo-zanavykai	100.0	ok	
currency_rate	2019-ep	100.0	ok	
currency_rate	2019-kovo-3-savivaldybiu-tarybu	100.0	ok	
currency_rate	2019-prezidento	100.0	ok	
currency_rate	2019-rugsejo-8-seimo	100.0	ok	
currency_rate	2020-seimo	99.9	ok	
currency_rate	2021-balandzio-11-radviliskio-mero	100.0	ok	
currency_rate	2021-spalio-10-meru	100.0	ok	
currency_rate	2023-geguzes-7-visagino-mero	100.0	ok	
currency_rate	2023-kovo-5-savivaldybiu-tarybu-ir-meru	100.0	ok	
currency_rate	2023-rugsejo-3-seimo-raseiniai-kedainiai	100.0	ok	
currency_rate	2023-spalio-8-kupiskio-mero	100.0	ok	
currency_rate	2024-ep	100.0	ok	
currency_rate	2024-prezidento	100.0	ok	
currency_rate	2024-seimo	100.0	ok	
currency_rate	2025-kovo-16-meru	100.0	ok	
declaration_status	1996-spalio-20-seimo	100.0	ok	
declaration_status	1997-birzelio-29-svenciniu-tarybos-pakartotiniai	100.0	ok	
declaration_status	1997-gruodzio-21-seimo-pakartotiniai	100.0	ok	
declaration_status	1997-kovo-23-savivaldybiu-tarybu	100.0	ok	
declaration_status	1997-kovo-23-seimo-pakartotiniai	100.0	ok	
declaration_status	1998-kovo-22-seimo-pakartotiniai	100.0	ok	
declaration_status	1998-lapkricio-15-seimo-pakartotiniai	100.0	ok	
declaration_status	1999-kovo-21-seimo-pakartotiniai	100.0	ok	
declaration_status	2000-kovo-19-savivaldybiu-tarybu	100.0	ok	
declaration_status	2000-seimo	100.0	ok	
declaration_status	2002-gruodzio-22-savivaldybiu-tarybu	100.0	ok	
declaration_status	2002-prezidento	100.0	ok	
declaration_status	2003-birzelio-15-seimo-nauji	100.0	ok	
declaration_status	2004-ep	100.0	ok	
declaration_status	2004-prezidento	100.0	ok	
declaration_status	2004-seimo	100.0	ok	
declaration_status	2005-lapkricio-20-seimo-kedainiai	100.0	ok	
declaration_status	2007-spalio-7-seimo-dzukija	100.0	ok	
declaration_status	2007-vasario-25-savivaldybiu	100.0	ok	
declaration_status	2008-seimo	100.0	ok	
declaration_status	2009-ep	100.0	ok	
declaration_status	2009-lapkricio-15-seimo-silale-silute-vilnius-salcininkai	100.0	ok	
declaration_status	2009-prezidento	100.0	ok	
declaration_status	2011-vasario-13-seimo-marijampole	100.0	ok	
declaration_status	2011-vasario-27-savivaldybiu	100.0	ok	
declaration_status	2012-seimo	100.0	ok	
declaration_status	2013-kovo-3-seimo-birzai-zarasai-ukmerge	100.0	ok	
declaration_status	2014-ep	100.0	ok	
declaration_status	2014-prezidento	100.0	ok	
declaration_status	2015-birzelio-21-pakartotiniai-silutes	100.0	ok	
declaration_status	2015-birzelio-7-pakartotiniai-sirvintos-trakai	100.0	ok	
declaration_status	2015-birzelio-7-seimo-varena-eisiskes	100.0	ok	
declaration_status	2015-kovo-1-savivaldybiu	100.0	ok	
declaration_status	2015-kovo-1-seimo-zirmunai	100.0	ok	
declaration_status	2015-lapkricio-8-telsiu-mero	100.0	ok	
declaration_status	2016-seimo	100.0	ok	
declaration_status	2017-balandzio-23-meru	100.0	ok	
declaration_status	2017-balandzio-23-seimo-anyksciai-panevezys	100.0	ok	
declaration_status	2017-rugsejo-10-marijampoles-mero	100.0	ok	
declaration_status	2018-rugsejo-16-seimo-zanavykai	100.0	ok	
declaration_status	2019-ep	100.0	ok	
declaration_status	2019-kovo-3-savivaldybiu-tarybu	100.0	ok	
declaration_status	2019-prezidento	100.0	ok	
declaration_status	2019-rugsejo-8-seimo	100.0	ok	
declaration_status	2020-seimo	100.0	ok	
declaration_status	2021-balandzio-11-radviliskio-mero	100.0	ok	
declaration_status	2021-spalio-10-meru	100.0	ok	
declaration_status	2023-geguzes-7-visagino-mero	100.0	ok	
declaration_status	2023-kovo-5-savivaldybiu-tarybu-ir-meru	100.0	ok	
declaration_status	2023-rugsejo-3-seimo-raseiniai-kedainiai	100.0	ok	
declaration_status	2023-spalio-8-kupiskio-mero	100.0	ok	
declaration_status	2024-ep	100.0	ok	
declaration_status	2024-prezidento	100.0	ok	
declaration_status	2024-seimo	100.0	ok	
declaration_status	2025-kovo-16-meru	100.0	ok	
declaration_year	1996-spalio-20-seimo	0.0	upstream-absent	the archive forms state an extract date, never a tax year
declaration_year	1997-birzelio-29-svenciniu-tarybos-pakartotiniai	0.0	upstream-absent	the archive forms state an extract date, never a tax year
declaration_year	1997-gruodzio-21-seimo-pakartotiniai	0.0	upstream-absent	the archive forms state an extract date, never a tax year
declaration_year	1997-kovo-23-savivaldybiu-tarybu	0.0	upstream-absent	the archive forms state an extract date, never a tax year
declaration_year	1997-kovo-23-seimo-pakartotiniai	0.0	upstream-absent	the archive forms state an extract date, never a tax year
declaration_year	1998-kovo-22-seimo-pakartotiniai	0.0	upstream-absent	the archive forms state an extract date, never a tax year
declaration_year	1998-lapkricio-15-seimo-pakartotiniai	0.0	upstream-absent	the archive forms state an extract date, never a tax year
declaration_year	1999-kovo-21-seimo-pakartotiniai	0.0	upstream-absent	the archive forms state an extract date, never a tax year
declaration_year	2000-kovo-19-savivaldybiu-tarybu	0.0	upstream-absent	the archive forms state an extract date, never a tax year
declaration_year	2000-seimo	0.0	upstream-absent	the archive forms state an extract date, never a tax year
declaration_year	2002-gruodzio-22-savivaldybiu-tarybu	0.0	upstream-absent	the archive forms state an extract date, never a tax year
declaration_year	2002-prezidento	0.0	upstream-absent	declarations published only as archive scans
declaration_year	2003-birzelio-15-seimo-nauji	0.0	upstream-absent	the archive forms state an extract date, never a tax year
declaration_year	2004-ep	0.0	upstream-absent	the page's declaration headings state no (YYYY m.) year and its closing note no period
declaration_year	2004-prezidento	0.0	upstream-absent	the page's declaration headings state no (YYYY m.) year and its closing note no period
declaration_year	2004-seimo	0.0	upstream-absent	the page's declaration headings state no (YYYY m.) year and its closing note no period
declaration_year	2005-lapkricio-20-seimo-kedainiai	0.0	upstream-absent	the page's declaration headings state no (YYYY m.) year and its closing note no period
declaration_year	2007-spalio-7-seimo-dzukija	0.0	upstream-absent	the page's declaration headings state no (YYYY m.) year and its closing note no period
declaration_year	2007-vasario-25-savivaldybiu	0.0	upstream-absent	the page's declaration headings state no (YYYY m.) year and its closing note no period
declaration_year	2008-seimo	100.0	ok	
declaration_year	2009-ep	0.0	upstream-absent	the page's declaration headings state no (YYYY m.) year and its closing note no period
declaration_year	2009-lapkricio-15-seimo-silale-silute-vilnius-salcininkai	0.0	upstream-absent	the page's declaration headings state no (YYYY m.) year and its closing note no period
declaration_year	2009-prezidento	0.0	upstream-absent	the page's declaration headings state no (YYYY m.) year and its closing note no period
declaration_year	2011-vasario-13-seimo-marijampole	0.0	upstream-absent	the page's declaration headings state no (YYYY m.) year and its closing note no period
declaration_year	2011-vasario-27-savivaldybiu	0.0	upstream-absent	the page's declaration headings state no (YYYY m.) year and its closing note no period
declaration_year	2012-seimo	100.0	ok	
declaration_year	2013-kovo-3-seimo-birzai-zarasai-ukmerge	100.0	ok	
declaration_year	2014-ep	0.0	upstream-absent	the page's declaration headings state no (YYYY m.) year and its closing note no period
declaration_year	2014-prezidento	0.0	upstream-absent	the page's declaration headings state no (YYYY m.) year and its closing note no period
declaration_year	2015-birzelio-21-pakartotiniai-silutes	0.0	upstream-absent	the page's declaration headings state no (YYYY m.) year and its closing note no period
declaration_year	2015-birzelio-7-pakartotiniai-sirvintos-trakai	0.0	upstream-absent	the page's declaration headings state no (YYYY m.) year and its closing note no period
declaration_year	2015-birzelio-7-seimo-varena-eisiskes	100.0	ok	
declaration_year	2015-kovo-1-savivaldybiu	0.0	upstream-absent	the page's declaration headings state no (YYYY m.) year and its closing note no period
declaration_year	2015-kovo-1-seimo-zirmunai	100.0	ok	
declaration_year	2015-lapkricio-8-telsiu-mero	0.0	upstream-absent	the page's declaration headings state no (YYYY m.) year and its closing note no period
declaration_year	2016-seimo	0.0	upstream-absent	the page's declaration headings state no (YYYY m.) year and its closing note no period
declaration_year	2017-balandzio-23-meru	100.0	ok	
declaration_year	2017-balandzio-23-seimo-anyksciai-panevezys	0.0	upstream-absent	the page's declaration headings state no (YYYY m.) year and its closing note no period
declaration_year	2017-rugsejo-10-marijampoles-mero	100.0	ok	
declaration_year	2018-rugsejo-16-seimo-zanavykai	0.0	upstream-absent	the page's declaration headings state no (YYYY m.) year and its closing note no period
declaration_year	2019-ep	100.0	ok	
declaration_year	2019-kovo-3-savivaldybiu-tarybu	100.0	ok	
declaration_year	2019-prezidento	100.0	ok	
declaration_year	2019-rugsejo-8-seimo	0.0	upstream-absent	the page's declaration headings state no (YYYY m.) year and its closing note no period
declaration_year	2020-seimo	0.0	upstream-absent	the page's declaration headings state no (YYYY m.) year and its closing note no period
declaration_year	2021-balandzio-11-radviliskio-mero	100.0	ok	
declaration_year	2021-spalio-10-meru	100.0	ok	
declaration_year	2023-geguzes-7-visagino-mero	100.0	ok	
declaration_year	2023-kovo-5-savivaldybiu-tarybu-ir-meru	100.0	ok	
declaration_year	2023-rugsejo-3-seimo-raseiniai-kedainiai	100.0	ok	
declaration_year	2023-spalio-8-kupiskio-mero	100.0	ok	
declaration_year	2024-ep	100.0	ok	
declaration_year	2024-prezidento	100.0	ok	
declaration_year	2024-seimo	100.0	ok	
declaration_year	2025-kovo-16-meru	100.0	ok	
declared_currency	1996-spalio-20-seimo	100.0	ok	
declared_currency	1997-birzelio-29-svenciniu-tarybos-pakartotiniai	98.2	ok	
declared_currency	1997-gruodzio-21-seimo-pakartotiniai	100.0	ok	
declared_currency	1997-kovo-23-savivaldybiu-tarybu	87.3	ok	
declared_currency	1997-kovo-23-seimo-pakartotiniai	4.3	ok	
declared_currency	1998-kovo-22-seimo-pakartotiniai	18.2	ok	
declared_currency	1998-lapkricio-15-seimo-pakartotiniai	100.0	ok	
declared_currency	1999-kovo-21-seimo-pakartotiniai	100.0	ok	
declared_currency	2000-kovo-19-savivaldybiu-tarybu	100.0	ok	
declared_currency	2000-seimo	100.0	ok	
declared_currency	2002-gruodzio-22-savivaldybiu-tarybu	100.0	ok	
declared_currency	2002-prezidento	0.0	upstream-absent	declarations published only as archive scans
declared_currency	2003-birzelio-15-seimo-nauji	100.0	ok	
declared_currency	2004-ep	100.0	ok	
declared_currency	2004-prezidento	100.0	ok	
declared_currency	2004-seimo	99.9	ok	
declared_currency	2005-lapkricio-20-seimo-kedainiai	100.0	ok	
declared_currency	2007-spalio-7-seimo-dzukija	100.0	ok	
declared_currency	2007-vasario-25-savivaldybiu	100.0	ok	
declared_currency	2008-seimo	100.0	ok	
declared_currency	2009-ep	100.0	ok	
declared_currency	2009-lapkricio-15-seimo-silale-silute-vilnius-salcininkai	100.0	ok	
declared_currency	2009-prezidento	100.0	ok	
declared_currency	2011-vasario-13-seimo-marijampole	100.0	ok	
declared_currency	2011-vasario-27-savivaldybiu	100.0	ok	
declared_currency	2012-seimo	100.0	ok	
declared_currency	2013-kovo-3-seimo-birzai-zarasai-ukmerge	100.0	ok	
declared_currency	2014-ep	100.0	ok	
declared_currency	2014-prezidento	100.0	ok	
declared_currency	2015-birzelio-21-pakartotiniai-silutes	100.0	ok	
declared_currency	2015-birzelio-7-pakartotiniai-sirvintos-trakai	100.0	ok	
declared_currency	2015-birzelio-7-seimo-varena-eisiskes	100.0	ok	
declared_currency	2015-kovo-1-savivaldybiu	100.0	ok	
declared_currency	2015-kovo-1-seimo-zirmunai	100.0	ok	
declared_currency	2015-lapkricio-8-telsiu-mero	100.0	ok	
declared_currency	2016-seimo	100.0	ok	
declared_currency	2017-balandzio-23-meru	100.0	ok	
declared_currency	2017-balandzio-23-seimo-anyksciai-panevezys	100.0	ok	
declared_currency	2017-rugsejo-10-marijampoles-mero	100.0	ok	
declared_currency	2018-rugsejo-16-seimo-zanavykai	100.0	ok	
declared_currency	2019-ep	100.0	ok	
declared_currency	2019-kovo-3-savivaldybiu-tarybu	100.0	ok	
declared_currency	2019-prezidento	100.0	ok	
declared_currency	2019-rugsejo-8-seimo	100.0	ok	
declared_currency	2020-seimo	99.9	ok	
declared_currency	2021-balandzio-11-radviliskio-mero	100.0	ok	
declared_currency	2021-spalio-10-meru	100.0	ok	
declared_currency	2023-geguzes-7-visagino-mero	100.0	ok	
declared_currency	2023-kovo-5-savivaldybiu-tarybu-ir-meru	100.0	ok	
declared_currency	2023-rugsejo-3-seimo-raseiniai-kedainiai	100.0	ok	
declared_currency	2023-spalio-8-kupiskio-mero	100.0	ok	
declared_currency	2024-ep	100.0	ok	
declared_currency	2024-prezidento	100.0	ok	
declared_currency	2024-seimo	100.0	ok	
declared_currency	2025-kovo-16-meru	100.0	ok	
education_degree	1996-spalio-20-seimo	18.1	ok	
education_degree	1997-birzelio-29-svenciniu-tarybos-pakartotiniai	0.0	upstream-absent	asked; no candidate of this small election states a degree
education_degree	1997-gruodzio-21-seimo-pakartotiniai	50.0	ok	
education_degree	1997-kovo-23-savivaldybiu-tarybu	2.5	ok	
education_degree	1997-kovo-23-seimo-pakartotiniai	21.7	ok	
education_degree	1998-kovo-22-seimo-pakartotiniai	0.0	upstream-absent	the card asks no degree question
education_degree	1998-lapkricio-15-seimo-pakartotiniai	27.3	ok	
education_degree	1999-kovo-21-seimo-pakartotiniai	9.1	ok	
education_degree	2000-kovo-19-savivaldybiu-tarybu	2.9	ok	
education_degree	2000-seimo	15.3	ok	
education_degree	2002-gruodzio-22-savivaldybiu-tarybu	0.0	upstream-absent	the card asks no degree question
education_degree	2002-prezidento	0.0	upstream-absent	no questionnaire published at all
education_degree	2003-birzelio-15-seimo-nauji	22.2	ok	
education_degree	2004-ep	32.0	ok	
education_degree	2004-prezidento	0.0	upstream-absent	no questionnaire published at all
education_degree	2004-seimo	16.4	ok	
education_degree	2005-lapkricio-20-seimo-kedainiai	20.0	ok	
education_degree	2007-spalio-7-seimo-dzukija	20.0	ok	
education_degree	2007-vasario-25-savivaldybiu	5.7	ok	
education_degree	2008-seimo	16.4	ok	
education_degree	2009-ep	29.0	ok	
education_degree	2009-lapkricio-15-seimo-silale-silute-vilnius-salcininkai	17.6	ok	
education_degree	2009-prezidento	28.6	ok	
education_degree	2011-vasario-13-seimo-marijampole	11.1	ok	
education_degree	2011-vasario-27-savivaldybiu	11.9	ok	
education_degree	2012-seimo	25.8	ok	
education_degree	2013-kovo-3-seimo-birzai-zarasai-ukmerge	18.9	ok	
education_degree	2014-ep	18.1	ok	
education_degree	2014-prezidento	28.6	ok	
education_degree	2015-birzelio-21-pakartotiniai-silutes	2.7	ok	
education_degree	2015-birzelio-7-pakartotiniai-sirvintos-trakai	17.1	ok	
education_degree	2015-birzelio-7-seimo-varena-eisiskes	25.0	ok	
education_degree	2015-kovo-1-savivaldybiu	11.6	ok	
education_degree	2015-kovo-1-seimo-zirmunai	41.7	ok	
education_degree	2015-lapkricio-8-telsiu-mero	0.0	upstream-absent	asked; no candidate of this small election states a degree
education_degree	2016-seimo	31.5	ok	
education_degree	2017-balandzio-23-meru	54.5	ok	
education_degree	2017-balandzio-23-seimo-anyksciai-panevezys	36.4	ok	
education_degree	2017-rugsejo-10-marijampoles-mero	50.0	ok	
education_degree	2018-rugsejo-16-seimo-zanavykai	66.7	ok	
education_degree	2019-ep	44.5	ok	
education_degree	2019-kovo-3-savivaldybiu-tarybu	19.3	ok	
education_degree	2019-prezidento	55.6	ok	
education_degree	2019-rugsejo-8-seimo	51.9	ok	
education_degree	2020-seimo	48.9	ok	
education_degree	2021-balandzio-11-radviliskio-mero	14.3	ok	
education_degree	2021-spalio-10-meru	71.4	ok	
education_degree	2023-geguzes-7-visagino-mero	0.0	upstream-absent	asked; no candidate of this small election states a degree
education_degree	2023-kovo-5-savivaldybiu-tarybu-ir-meru	34.3	ok	
education_degree	2023-rugsejo-3-seimo-raseiniai-kedainiai	50.0	ok	
education_degree	2023-spalio-8-kupiskio-mero	80.0	ok	
education_degree	2024-ep	100.0	ok	
education_degree	2024-prezidento	100.0	ok	
education_degree	2024-seimo	100.0	ok	
education_degree	2025-kovo-16-meru	100.0	ok	
education_entries	1996-spalio-20-seimo	38.3	ok	
education_entries	1997-birzelio-29-svenciniu-tarybos-pakartotiniai	84.5	ok	
education_entries	1997-gruodzio-21-seimo-pakartotiniai	25.0	ok	
education_entries	1997-kovo-23-savivaldybiu-tarybu	81.2	ok	
education_entries	1997-kovo-23-seimo-pakartotiniai	82.6	ok	
education_entries	1998-kovo-22-seimo-pakartotiniai	72.7	ok	
education_entries	1998-lapkricio-15-seimo-pakartotiniai	90.9	ok	
education_entries	1999-kovo-21-seimo-pakartotiniai	95.5	ok	
education_entries	2000-kovo-19-savivaldybiu-tarybu	0.0	upstream-absent	the form asks the level as one answer (issilavinimas.aprasas); the entry list is structurally empty
education_entries	2000-seimo	96.5	ok	
education_entries	2002-gruodzio-22-savivaldybiu-tarybu	0.0	upstream-absent	the form asks the level as one answer (issilavinimas.aprasas); the entry list is structurally empty
education_entries	2002-prezidento	0.0	upstream-absent	no questionnaire published at all
education_entries	2003-birzelio-15-seimo-nauji	100.0	ok	
education_entries	2004-ep	98.8	ok	
education_entries	2004-prezidento	0.0	upstream-absent	no questionnaire published at all
education_entries	2004-seimo	99.0	ok	
education_entries	2005-lapkricio-20-seimo-kedainiai	100.0	ok	
education_entries	2007-spalio-7-seimo-dzukija	100.0	ok	
education_entries	2007-vasario-25-savivaldybiu	86.3	ok	
education_entries	2008-seimo	96.0	ok	
education_entries	2009-ep	97.7	ok	
education_entries	2009-lapkricio-15-seimo-silale-silute-vilnius-salcininkai	100.0	ok	
education_entries	2009-prezidento	100.0	ok	
education_entries	2011-vasario-13-seimo-marijampole	77.8	ok	
education_entries	2011-vasario-27-savivaldybiu	86.9	ok	
education_entries	2012-seimo	93.6	ok	
education_entries	2013-kovo-3-seimo-birzai-zarasai-ukmerge	81.1	ok	
education_entries	2014-ep	96.3	ok	
education_entries	2014-prezidento	100.0	ok	
education_entries	2015-birzelio-21-pakartotiniai-silutes	75.7	ok	
education_entries	2015-birzelio-7-pakartotiniai-sirvintos-trakai	76.8	ok	
education_entries	2015-birzelio-7-seimo-varena-eisiskes	87.5	ok	
education_entries	2015-kovo-1-savivaldybiu	85.2	ok	
education_entries	2015-kovo-1-seimo-zirmunai	100.0	ok	
education_entries	2015-lapkricio-8-telsiu-mero	85.7	ok	
education_entries	2016-seimo	77.8	ok	
education_entries	2017-balandzio-23-meru	100.0	ok	
education_entries	2017-balandzio-23-seimo-anyksciai-panevezys	90.9	ok	
education_entries	2017-rugsejo-10-marijampoles-mero	87.5	ok	
education_entries	2018-rugsejo-16-seimo-zanavykai	83.3	ok	
education_entries	2019-ep	81.1	ok	
education_entries	2019-kovo-3-savivaldybiu-tarybu	62.9	ok	
education_entries	2019-prezidento	88.9	ok	
education_entries	2019-rugsejo-8-seimo	92.6	ok	
education_entries	2020-seimo	93.9	ok	
education_entries	2021-balandzio-11-radviliskio-mero	100.0	ok	
education_entries	2021-spalio-10-meru	100.0	ok	
education_entries	2023-geguzes-7-visagino-mero	100.0	ok	
education_entries	2023-kovo-5-savivaldybiu-tarybu-ir-meru	83.6	ok	
education_entries	2023-rugsejo-3-seimo-raseiniai-kedainiai	100.0	ok	
education_entries	2023-spalio-8-kupiskio-mero	100.0	ok	
education_entries	2024-ep	100.0	ok	
education_entries	2024-prezidento	100.0	ok	
education_entries	2024-seimo	100.0	ok	
education_entries	2025-kovo-16-meru	100.0	ok	
education_higher	1996-spalio-20-seimo	38.3	ok	
education_higher	1997-birzelio-29-svenciniu-tarybos-pakartotiniai	84.5	ok	
education_higher	1997-gruodzio-21-seimo-pakartotiniai	25.0	ok	
education_higher	1997-kovo-23-savivaldybiu-tarybu	81.2	ok	
education_higher	1997-kovo-23-seimo-pakartotiniai	82.6	ok	
education_higher	1998-kovo-22-seimo-pakartotiniai	72.7	ok	
education_higher	1998-lapkricio-15-seimo-pakartotiniai	90.9	ok	
education_higher	1999-kovo-21-seimo-pakartotiniai	95.5	ok	
education_higher	2000-kovo-19-savivaldybiu-tarybu	86.3	ok	
education_higher	2000-seimo	0.0	upstream-absent	the election publishes no education level for anyone (education_status: neskelbta)
education_higher	2002-gruodzio-22-savivaldybiu-tarybu	91.8	ok	
education_higher	2002-prezidento	0.0	upstream-absent	the election publishes no education level for anyone (education_status: neskelbta)
education_higher	2003-birzelio-15-seimo-nauji	100.0	ok	
education_higher	2004-ep	98.8	ok	
education_higher	2004-prezidento	0.0	upstream-absent	the election publishes no education level for anyone (education_status: neskelbta)
education_higher	2004-seimo	99.0	ok	
education_higher	2005-lapkricio-20-seimo-kedainiai	100.0	ok	
education_higher	2007-spalio-7-seimo-dzukija	100.0	ok	
education_higher	2007-vasario-25-savivaldybiu	86.3	ok	
education_higher	2008-seimo	95.8	ok	
education_higher	2009-ep	97.7	ok	
education_higher	2009-lapkricio-15-seimo-silale-silute-vilnius-salcininkai	94.1	ok	
education_higher	2009-prezidento	100.0	ok	
education_higher	2011-vasario-13-seimo-marijampole	77.8	ok	
education_higher	2011-vasario-27-savivaldybiu	86.5	ok	
education_higher	2012-seimo	92.9	ok	
education_higher	2013-kovo-3-seimo-birzai-zarasai-ukmerge	81.1	ok	
education_higher	2014-ep	96.3	ok	
education_higher	2014-prezidento	100.0	ok	
education_higher	2015-birzelio-21-pakartotiniai-silutes	75.7	ok	
education_higher	2015-birzelio-7-pakartotiniai-sirvintos-trakai	76.8	ok	
education_higher	2015-birzelio-7-seimo-varena-eisiskes	87.5	ok	
education_higher	2015-kovo-1-savivaldybiu	84.7	ok	
education_higher	2015-kovo-1-seimo-zirmunai	100.0	ok	
education_higher	2015-lapkricio-8-telsiu-mero	85.7	ok	
education_higher	2016-seimo	77.4	ok	
education_higher	2017-balandzio-23-meru	100.0	ok	
education_higher	2017-balandzio-23-seimo-anyksciai-panevezys	90.9	ok	
education_higher	2017-rugsejo-10-marijampoles-mero	87.5	ok	
education_higher	2018-rugsejo-16-seimo-zanavykai	83.3	ok	
education_higher	2019-ep	81.1	ok	
education_higher	2019-kovo-3-savivaldybiu-tarybu	62.7	ok	
education_higher	2019-prezidento	88.9	ok	
education_higher	2019-rugsejo-8-seimo	92.6	ok	
education_higher	2020-seimo	93.8	ok	
education_higher	2021-balandzio-11-radviliskio-mero	100.0	ok	
education_higher	2021-spalio-10-meru	100.0	ok	
education_higher	2023-geguzes-7-visagino-mero	100.0	ok	
education_higher	2023-kovo-5-savivaldybiu-tarybu-ir-meru	83.1	ok	
education_higher	2023-rugsejo-3-seimo-raseiniai-kedainiai	100.0	ok	
education_higher	2023-spalio-8-kupiskio-mero	100.0	ok	
education_higher	2024-ep	99.4	ok	
education_higher	2024-prezidento	100.0	ok	
education_higher	2024-seimo	99.9	ok	
education_higher	2025-kovo-16-meru	100.0	ok	
education_level	1996-spalio-20-seimo	38.3	ok	
education_level	1997-birzelio-29-svenciniu-tarybos-pakartotiniai	84.5	ok	
education_level	1997-gruodzio-21-seimo-pakartotiniai	25.0	ok	
education_level	1997-kovo-23-savivaldybiu-tarybu	81.2	ok	
education_level	1997-kovo-23-seimo-pakartotiniai	82.6	ok	
education_level	1998-kovo-22-seimo-pakartotiniai	72.7	ok	
education_level	1998-lapkricio-15-seimo-pakartotiniai	90.9	ok	
education_level	1999-kovo-21-seimo-pakartotiniai	95.5	ok	
education_level	2000-kovo-19-savivaldybiu-tarybu	86.3	ok	
education_level	2000-seimo	0.0	upstream-absent	the election publishes no education level for anyone (education_status: neskelbta)
education_level	2002-gruodzio-22-savivaldybiu-tarybu	91.8	ok	
education_level	2002-prezidento	0.0	upstream-absent	the election publishes no education level for anyone (education_status: neskelbta)
education_level	2003-birzelio-15-seimo-nauji	100.0	ok	
education_level	2004-ep	98.8	ok	
education_level	2004-prezidento	0.0	upstream-absent	the election publishes no education level for anyone (education_status: neskelbta)
education_level	2004-seimo	99.0	ok	
education_level	2005-lapkricio-20-seimo-kedainiai	100.0	ok	
education_level	2007-spalio-7-seimo-dzukija	100.0	ok	
education_level	2007-vasario-25-savivaldybiu	86.3	ok	
education_level	2008-seimo	95.8	ok	
education_level	2009-ep	97.7	ok	
education_level	2009-lapkricio-15-seimo-silale-silute-vilnius-salcininkai	94.1	ok	
education_level	2009-prezidento	100.0	ok	
education_level	2011-vasario-13-seimo-marijampole	77.8	ok	
education_level	2011-vasario-27-savivaldybiu	86.5	ok	
education_level	2012-seimo	92.9	ok	
education_level	2013-kovo-3-seimo-birzai-zarasai-ukmerge	81.1	ok	
education_level	2014-ep	96.3	ok	
education_level	2014-prezidento	100.0	ok	
education_level	2015-birzelio-21-pakartotiniai-silutes	75.7	ok	
education_level	2015-birzelio-7-pakartotiniai-sirvintos-trakai	76.8	ok	
education_level	2015-birzelio-7-seimo-varena-eisiskes	87.5	ok	
education_level	2015-kovo-1-savivaldybiu	84.7	ok	
education_level	2015-kovo-1-seimo-zirmunai	100.0	ok	
education_level	2015-lapkricio-8-telsiu-mero	85.7	ok	
education_level	2016-seimo	77.4	ok	
education_level	2017-balandzio-23-meru	100.0	ok	
education_level	2017-balandzio-23-seimo-anyksciai-panevezys	90.9	ok	
education_level	2017-rugsejo-10-marijampoles-mero	87.5	ok	
education_level	2018-rugsejo-16-seimo-zanavykai	83.3	ok	
education_level	2019-ep	81.1	ok	
education_level	2019-kovo-3-savivaldybiu-tarybu	62.7	ok	
education_level	2019-prezidento	88.9	ok	
education_level	2019-rugsejo-8-seimo	92.6	ok	
education_level	2020-seimo	93.8	ok	
education_level	2021-balandzio-11-radviliskio-mero	100.0	ok	
education_level	2021-spalio-10-meru	100.0	ok	
education_level	2023-geguzes-7-visagino-mero	100.0	ok	
education_level	2023-kovo-5-savivaldybiu-tarybu-ir-meru	83.1	ok	
education_level	2023-rugsejo-3-seimo-raseiniai-kedainiai	100.0	ok	
education_level	2023-spalio-8-kupiskio-mero	100.0	ok	
education_level	2024-ep	99.4	ok	
education_level	2024-prezidento	100.0	ok	
education_level	2024-seimo	99.9	ok	
education_level	2025-kovo-16-meru	100.0	ok	
education_level_rank	1996-spalio-20-seimo	38.3	ok	
education_level_rank	1997-birzelio-29-svenciniu-tarybos-pakartotiniai	84.5	ok	
education_level_rank	1997-gruodzio-21-seimo-pakartotiniai	25.0	ok	
education_level_rank	1997-kovo-23-savivaldybiu-tarybu	81.2	ok	
education_level_rank	1997-kovo-23-seimo-pakartotiniai	82.6	ok	
education_level_rank	1998-kovo-22-seimo-pakartotiniai	72.7	ok	
education_level_rank	1998-lapkricio-15-seimo-pakartotiniai	90.9	ok	
education_level_rank	1999-kovo-21-seimo-pakartotiniai	95.5	ok	
education_level_rank	2000-kovo-19-savivaldybiu-tarybu	86.3	ok	
education_level_rank	2000-seimo	0.0	upstream-absent	the election publishes no education level for anyone (education_status: neskelbta)
education_level_rank	2002-gruodzio-22-savivaldybiu-tarybu	91.8	ok	
education_level_rank	2002-prezidento	0.0	upstream-absent	the election publishes no education level for anyone (education_status: neskelbta)
education_level_rank	2003-birzelio-15-seimo-nauji	100.0	ok	
education_level_rank	2004-ep	98.8	ok	
education_level_rank	2004-prezidento	0.0	upstream-absent	the election publishes no education level for anyone (education_status: neskelbta)
education_level_rank	2004-seimo	99.0	ok	
education_level_rank	2005-lapkricio-20-seimo-kedainiai	100.0	ok	
education_level_rank	2007-spalio-7-seimo-dzukija	100.0	ok	
education_level_rank	2007-vasario-25-savivaldybiu	86.3	ok	
education_level_rank	2008-seimo	95.8	ok	
education_level_rank	2009-ep	97.7	ok	
education_level_rank	2009-lapkricio-15-seimo-silale-silute-vilnius-salcininkai	94.1	ok	
education_level_rank	2009-prezidento	100.0	ok	
education_level_rank	2011-vasario-13-seimo-marijampole	77.8	ok	
education_level_rank	2011-vasario-27-savivaldybiu	86.5	ok	
education_level_rank	2012-seimo	92.9	ok	
education_level_rank	2013-kovo-3-seimo-birzai-zarasai-ukmerge	81.1	ok	
education_level_rank	2014-ep	96.3	ok	
education_level_rank	2014-prezidento	100.0	ok	
education_level_rank	2015-birzelio-21-pakartotiniai-silutes	75.7	ok	
education_level_rank	2015-birzelio-7-pakartotiniai-sirvintos-trakai	76.8	ok	
education_level_rank	2015-birzelio-7-seimo-varena-eisiskes	87.5	ok	
education_level_rank	2015-kovo-1-savivaldybiu	84.7	ok	
education_level_rank	2015-kovo-1-seimo-zirmunai	100.0	ok	
education_level_rank	2015-lapkricio-8-telsiu-mero	85.7	ok	
education_level_rank	2016-seimo	77.4	ok	
education_level_rank	2017-balandzio-23-meru	100.0	ok	
education_level_rank	2017-balandzio-23-seimo-anyksciai-panevezys	90.9	ok	
education_level_rank	2017-rugsejo-10-marijampoles-mero	87.5	ok	
education_level_rank	2018-rugsejo-16-seimo-zanavykai	83.3	ok	
education_level_rank	2019-ep	81.1	ok	
education_level_rank	2019-kovo-3-savivaldybiu-tarybu	62.7	ok	
education_level_rank	2019-prezidento	88.9	ok	
education_level_rank	2019-rugsejo-8-seimo	92.6	ok	
education_level_rank	2020-seimo	93.8	ok	
education_level_rank	2021-balandzio-11-radviliskio-mero	100.0	ok	
education_level_rank	2021-spalio-10-meru	100.0	ok	
education_level_rank	2023-geguzes-7-visagino-mero	100.0	ok	
education_level_rank	2023-kovo-5-savivaldybiu-tarybu-ir-meru	83.1	ok	
education_level_rank	2023-rugsejo-3-seimo-raseiniai-kedainiai	100.0	ok	
education_level_rank	2023-spalio-8-kupiskio-mero	100.0	ok	
education_level_rank	2024-ep	99.4	ok	
education_level_rank	2024-prezidento	100.0	ok	
education_level_rank	2024-seimo	99.9	ok	
education_level_rank	2025-kovo-16-meru	100.0	ok	
education_status	1996-spalio-20-seimo	100.0	ok	
education_status	1997-birzelio-29-svenciniu-tarybos-pakartotiniai	100.0	ok	
education_status	1997-gruodzio-21-seimo-pakartotiniai	100.0	ok	
education_status	1997-kovo-23-savivaldybiu-tarybu	100.0	ok	
education_status	1997-kovo-23-seimo-pakartotiniai	100.0	ok	
education_status	1998-kovo-22-seimo-pakartotiniai	100.0	ok	
education_status	1998-lapkricio-15-seimo-pakartotiniai	100.0	ok	
education_status	1999-kovo-21-seimo-pakartotiniai	100.0	ok	
education_status	2000-kovo-19-savivaldybiu-tarybu	100.0	ok	
education_status	2000-seimo	100.0	ok	
education_status	2002-gruodzio-22-savivaldybiu-tarybu	100.0	ok	
education_status	2002-prezidento	100.0	ok	
education_status	2003-birzelio-15-seimo-nauji	100.0	ok	
education_status	2004-ep	100.0	ok	
education_status	2004-prezidento	100.0	ok	
education_status	2004-seimo	100.0	ok	
education_status	2005-lapkricio-20-seimo-kedainiai	100.0	ok	
education_status	2007-spalio-7-seimo-dzukija	100.0	ok	
education_status	2007-vasario-25-savivaldybiu	100.0	ok	
education_status	2008-seimo	100.0	ok	
education_status	2009-ep	100.0	ok	
education_status	2009-lapkricio-15-seimo-silale-silute-vilnius-salcininkai	100.0	ok	
education_status	2009-prezidento	100.0	ok	
education_status	2011-vasario-13-seimo-marijampole	100.0	ok	
education_status	2011-vasario-27-savivaldybiu	100.0	ok	
education_status	2012-seimo	100.0	ok	
education_status	2013-kovo-3-seimo-birzai-zarasai-ukmerge	100.0	ok	
education_status	2014-ep	100.0	ok	
education_status	2014-prezidento	100.0	ok	
education_status	2015-birzelio-21-pakartotiniai-silutes	100.0	ok	
education_status	2015-birzelio-7-pakartotiniai-sirvintos-trakai	100.0	ok	
education_status	2015-birzelio-7-seimo-varena-eisiskes	100.0	ok	
education_status	2015-kovo-1-savivaldybiu	100.0	ok	
education_status	2015-kovo-1-seimo-zirmunai	100.0	ok	
education_status	2015-lapkricio-8-telsiu-mero	100.0	ok	
education_status	2016-seimo	100.0	ok	
education_status	2017-balandzio-23-meru	100.0	ok	
education_status	2017-balandzio-23-seimo-anyksciai-panevezys	100.0	ok	
education_status	2017-rugsejo-10-marijampoles-mero	100.0	ok	
education_status	2018-rugsejo-16-seimo-zanavykai	100.0	ok	
education_status	2019-ep	100.0	ok	
education_status	2019-kovo-3-savivaldybiu-tarybu	100.0	ok	
education_status	2019-prezidento	100.0	ok	
education_status	2019-rugsejo-8-seimo	100.0	ok	
education_status	2020-seimo	100.0	ok	
education_status	2021-balandzio-11-radviliskio-mero	100.0	ok	
education_status	2021-spalio-10-meru	100.0	ok	
education_status	2023-geguzes-7-visagino-mero	100.0	ok	
education_status	2023-kovo-5-savivaldybiu-tarybu-ir-meru	100.0	ok	
education_status	2023-rugsejo-3-seimo-raseiniai-kedainiai	100.0	ok	
education_status	2023-spalio-8-kupiskio-mero	100.0	ok	
education_status	2024-ep	100.0	ok	
education_status	2024-prezidento	100.0	ok	
education_status	2024-seimo	100.0	ok	
education_status	2025-kovo-16-meru	100.0	ok	
education_unfinished	1996-spalio-20-seimo	38.3	ok	
education_unfinished	1997-birzelio-29-svenciniu-tarybos-pakartotiniai	84.5	ok	
education_unfinished	1997-gruodzio-21-seimo-pakartotiniai	25.0	ok	
education_unfinished	1997-kovo-23-savivaldybiu-tarybu	81.2	ok	
education_unfinished	1997-kovo-23-seimo-pakartotiniai	82.6	ok	
education_unfinished	1998-kovo-22-seimo-pakartotiniai	72.7	ok	
education_unfinished	1998-lapkricio-15-seimo-pakartotiniai	90.9	ok	
education_unfinished	1999-kovo-21-seimo-pakartotiniai	95.5	ok	
education_unfinished	2000-kovo-19-savivaldybiu-tarybu	86.3	ok	
education_unfinished	2000-seimo	0.0	upstream-absent	the election publishes no education level for anyone (education_status: neskelbta)
education_unfinished	2002-gruodzio-22-savivaldybiu-tarybu	91.8	ok	
education_unfinished	2002-prezidento	0.0	upstream-absent	the election publishes no education level for anyone (education_status: neskelbta)
education_unfinished	2003-birzelio-15-seimo-nauji	100.0	ok	
education_unfinished	2004-ep	98.8	ok	
education_unfinished	2004-prezidento	0.0	upstream-absent	the election publishes no education level for anyone (education_status: neskelbta)
education_unfinished	2004-seimo	99.0	ok	
education_unfinished	2005-lapkricio-20-seimo-kedainiai	100.0	ok	
education_unfinished	2007-spalio-7-seimo-dzukija	100.0	ok	
education_unfinished	2007-vasario-25-savivaldybiu	86.3	ok	
education_unfinished	2008-seimo	95.8	ok	
education_unfinished	2009-ep	97.7	ok	
education_unfinished	2009-lapkricio-15-seimo-silale-silute-vilnius-salcininkai	94.1	ok	
education_unfinished	2009-prezidento	100.0	ok	
education_unfinished	2011-vasario-13-seimo-marijampole	77.8	ok	
education_unfinished	2011-vasario-27-savivaldybiu	86.5	ok	
education_unfinished	2012-seimo	92.9	ok	
education_unfinished	2013-kovo-3-seimo-birzai-zarasai-ukmerge	81.1	ok	
education_unfinished	2014-ep	96.3	ok	
education_unfinished	2014-prezidento	100.0	ok	
education_unfinished	2015-birzelio-21-pakartotiniai-silutes	75.7	ok	
education_unfinished	2015-birzelio-7-pakartotiniai-sirvintos-trakai	76.8	ok	
education_unfinished	2015-birzelio-7-seimo-varena-eisiskes	87.5	ok	
education_unfinished	2015-kovo-1-savivaldybiu	84.7	ok	
education_unfinished	2015-kovo-1-seimo-zirmunai	100.0	ok	
education_unfinished	2015-lapkricio-8-telsiu-mero	85.7	ok	
education_unfinished	2016-seimo	77.4	ok	
education_unfinished	2017-balandzio-23-meru	100.0	ok	
education_unfinished	2017-balandzio-23-seimo-anyksciai-panevezys	90.9	ok	
education_unfinished	2017-rugsejo-10-marijampoles-mero	87.5	ok	
education_unfinished	2018-rugsejo-16-seimo-zanavykai	83.3	ok	
education_unfinished	2019-ep	81.1	ok	
education_unfinished	2019-kovo-3-savivaldybiu-tarybu	62.7	ok	
education_unfinished	2019-prezidento	88.9	ok	
education_unfinished	2019-rugsejo-8-seimo	92.6	ok	
education_unfinished	2020-seimo	93.8	ok	
education_unfinished	2021-balandzio-11-radviliskio-mero	100.0	ok	
education_unfinished	2021-spalio-10-meru	100.0	ok	
education_unfinished	2023-geguzes-7-visagino-mero	100.0	ok	
education_unfinished	2023-kovo-5-savivaldybiu-tarybu-ir-meru	83.1	ok	
education_unfinished	2023-rugsejo-3-seimo-raseiniai-kedainiai	100.0	ok	
education_unfinished	2023-spalio-8-kupiskio-mero	100.0	ok	
education_unfinished	2024-ep	99.4	ok	
education_unfinished	2024-prezidento	100.0	ok	
education_unfinished	2024-seimo	99.9	ok	
education_unfinished	2025-kovo-16-meru	100.0	ok	
elected	1996-spalio-20-seimo	100.0	ok	
elected	1997-birzelio-29-svenciniu-tarybos-pakartotiniai	0.0	upstream-absent	no results were ever joined for the 1997 municipal pair (issue #92)
elected	1997-gruodzio-21-seimo-pakartotiniai	100.0	ok	
elected	1997-kovo-23-savivaldybiu-tarybu	0.0	upstream-absent	no results were ever joined for the 1997 municipal pair (issue #92)
elected	1997-kovo-23-seimo-pakartotiniai	100.0	ok	
elected	1998-kovo-22-seimo-pakartotiniai	100.0	ok	
elected	1998-lapkricio-15-seimo-pakartotiniai	100.0	ok	
elected	1999-kovo-21-seimo-pakartotiniai	100.0	ok	
elected	2000-kovo-19-savivaldybiu-tarybu	91.8	ok	
elected	2000-seimo	100.0	ok	
elected	2002-gruodzio-22-savivaldybiu-tarybu	100.0	ok	
elected	2002-prezidento	100.0	ok	
elected	2003-birzelio-15-seimo-nauji	100.0	ok	
elected	2004-ep	100.0	ok	
elected	2004-prezidento	100.0	ok	
elected	2004-seimo	100.0	ok	
elected	2005-lapkricio-20-seimo-kedainiai	100.0	ok	
elected	2007-spalio-7-seimo-dzukija	100.0	ok	
elected	2007-vasario-25-savivaldybiu	100.0	ok	
elected	2008-seimo	100.0	ok	
elected	2009-ep	100.0	ok	
elected	2009-lapkricio-15-seimo-silale-silute-vilnius-salcininkai	100.0	ok	
elected	2009-prezidento	100.0	ok	
elected	2011-vasario-13-seimo-marijampole	100.0	ok	
elected	2011-vasario-27-savivaldybiu	100.0	ok	
elected	2012-seimo	100.0	ok	
elected	2013-kovo-3-seimo-birzai-zarasai-ukmerge	100.0	ok	
elected	2014-ep	100.0	ok	
elected	2014-prezidento	100.0	ok	
elected	2015-birzelio-21-pakartotiniai-silutes	100.0	ok	
elected	2015-birzelio-7-pakartotiniai-sirvintos-trakai	100.0	ok	
elected	2015-birzelio-7-seimo-varena-eisiskes	100.0	ok	
elected	2015-kovo-1-savivaldybiu	100.0	ok	
elected	2015-kovo-1-seimo-zirmunai	100.0	ok	
elected	2015-lapkricio-8-telsiu-mero	100.0	ok	
elected	2016-seimo	100.0	ok	
elected	2017-balandzio-23-meru	100.0	ok	
elected	2017-balandzio-23-seimo-anyksciai-panevezys	100.0	ok	
elected	2017-rugsejo-10-marijampoles-mero	100.0	ok	
elected	2018-rugsejo-16-seimo-zanavykai	100.0	ok	
elected	2019-ep	100.0	ok	
elected	2019-kovo-3-savivaldybiu-tarybu	100.0	ok	
elected	2019-prezidento	100.0	ok	
elected	2019-rugsejo-8-seimo	100.0	ok	
elected	2020-seimo	100.0	ok	
elected	2021-balandzio-11-radviliskio-mero	100.0	ok	
elected	2021-spalio-10-meru	100.0	ok	
elected	2023-geguzes-7-visagino-mero	100.0	ok	
elected	2023-kovo-5-savivaldybiu-tarybu-ir-meru	100.0	ok	
elected	2023-rugsejo-3-seimo-raseiniai-kedainiai	100.0	ok	
elected	2023-spalio-8-kupiskio-mero	100.0	ok	
elected	2024-ep	100.0	ok	
elected	2024-prezidento	100.0	ok	
elected	2024-seimo	100.0	ok	
elected	2025-kovo-16-meru	100.0	ok	
election_date	1996-spalio-20-seimo	100.0	ok	
election_date	1997-birzelio-29-svenciniu-tarybos-pakartotiniai	100.0	ok	
election_date	1997-gruodzio-21-seimo-pakartotiniai	100.0	ok	
election_date	1997-kovo-23-savivaldybiu-tarybu	100.0	ok	
election_date	1997-kovo-23-seimo-pakartotiniai	100.0	ok	
election_date	1998-kovo-22-seimo-pakartotiniai	100.0	ok	
election_date	1998-lapkricio-15-seimo-pakartotiniai	100.0	ok	
election_date	1999-kovo-21-seimo-pakartotiniai	100.0	ok	
election_date	2000-kovo-19-savivaldybiu-tarybu	100.0	ok	
election_date	2000-seimo	100.0	ok	
election_date	2002-gruodzio-22-savivaldybiu-tarybu	100.0	ok	
election_date	2002-prezidento	100.0	ok	
election_date	2003-birzelio-15-seimo-nauji	100.0	ok	
election_date	2004-ep	100.0	ok	
election_date	2004-prezidento	100.0	ok	
election_date	2004-seimo	100.0	ok	
election_date	2005-lapkricio-20-seimo-kedainiai	100.0	ok	
election_date	2007-spalio-7-seimo-dzukija	100.0	ok	
election_date	2007-vasario-25-savivaldybiu	100.0	ok	
election_date	2008-seimo	100.0	ok	
election_date	2009-ep	100.0	ok	
election_date	2009-lapkricio-15-seimo-silale-silute-vilnius-salcininkai	100.0	ok	
election_date	2009-prezidento	100.0	ok	
election_date	2011-vasario-13-seimo-marijampole	100.0	ok	
election_date	2011-vasario-27-savivaldybiu	100.0	ok	
election_date	2012-seimo	100.0	ok	
election_date	2013-kovo-3-seimo-birzai-zarasai-ukmerge	100.0	ok	
election_date	2014-ep	100.0	ok	
election_date	2014-prezidento	100.0	ok	
election_date	2015-birzelio-21-pakartotiniai-silutes	100.0	ok	
election_date	2015-birzelio-7-pakartotiniai-sirvintos-trakai	100.0	ok	
election_date	2015-birzelio-7-seimo-varena-eisiskes	100.0	ok	
election_date	2015-kovo-1-savivaldybiu	100.0	ok	
election_date	2015-kovo-1-seimo-zirmunai	100.0	ok	
election_date	2015-lapkricio-8-telsiu-mero	100.0	ok	
election_date	2016-seimo	100.0	ok	
election_date	2017-balandzio-23-meru	100.0	ok	
election_date	2017-balandzio-23-seimo-anyksciai-panevezys	100.0	ok	
election_date	2017-rugsejo-10-marijampoles-mero	100.0	ok	
election_date	2018-rugsejo-16-seimo-zanavykai	100.0	ok	
election_date	2019-ep	100.0	ok	
election_date	2019-kovo-3-savivaldybiu-tarybu	100.0	ok	
election_date	2019-prezidento	100.0	ok	
election_date	2019-rugsejo-8-seimo	100.0	ok	
election_date	2020-seimo	100.0	ok	
election_date	2021-balandzio-11-radviliskio-mero	100.0	ok	
election_date	2021-spalio-10-meru	100.0	ok	
election_date	2023-geguzes-7-visagino-mero	100.0	ok	
election_date	2023-kovo-5-savivaldybiu-tarybu-ir-meru	100.0	ok	
election_date	2023-rugsejo-3-seimo-raseiniai-kedainiai	100.0	ok	
election_date	2023-spalio-8-kupiskio-mero	100.0	ok	
election_date	2024-ep	100.0	ok	
election_date	2024-prezidento	100.0	ok	
election_date	2024-seimo	100.0	ok	
election_date	2025-kovo-16-meru	100.0	ok	
election_id	1996-spalio-20-seimo	100.0	ok	
election_id	1997-birzelio-29-svenciniu-tarybos-pakartotiniai	100.0	ok	
election_id	1997-gruodzio-21-seimo-pakartotiniai	100.0	ok	
election_id	1997-kovo-23-savivaldybiu-tarybu	100.0	ok	
election_id	1997-kovo-23-seimo-pakartotiniai	100.0	ok	
election_id	1998-kovo-22-seimo-pakartotiniai	100.0	ok	
election_id	1998-lapkricio-15-seimo-pakartotiniai	100.0	ok	
election_id	1999-kovo-21-seimo-pakartotiniai	100.0	ok	
election_id	2000-kovo-19-savivaldybiu-tarybu	100.0	ok	
election_id	2000-seimo	100.0	ok	
election_id	2002-gruodzio-22-savivaldybiu-tarybu	100.0	ok	
election_id	2002-prezidento	100.0	ok	
election_id	2003-birzelio-15-seimo-nauji	100.0	ok	
election_id	2004-ep	100.0	ok	
election_id	2004-prezidento	100.0	ok	
election_id	2004-seimo	100.0	ok	
election_id	2005-lapkricio-20-seimo-kedainiai	100.0	ok	
election_id	2007-spalio-7-seimo-dzukija	100.0	ok	
election_id	2007-vasario-25-savivaldybiu	100.0	ok	
election_id	2008-seimo	100.0	ok	
election_id	2009-ep	100.0	ok	
election_id	2009-lapkricio-15-seimo-silale-silute-vilnius-salcininkai	100.0	ok	
election_id	2009-prezidento	100.0	ok	
election_id	2011-vasario-13-seimo-marijampole	100.0	ok	
election_id	2011-vasario-27-savivaldybiu	100.0	ok	
election_id	2012-seimo	100.0	ok	
election_id	2013-kovo-3-seimo-birzai-zarasai-ukmerge	100.0	ok	
election_id	2014-ep	100.0	ok	
election_id	2014-prezidento	100.0	ok	
election_id	2015-birzelio-21-pakartotiniai-silutes	100.0	ok	
election_id	2015-birzelio-7-pakartotiniai-sirvintos-trakai	100.0	ok	
election_id	2015-birzelio-7-seimo-varena-eisiskes	100.0	ok	
election_id	2015-kovo-1-savivaldybiu	100.0	ok	
election_id	2015-kovo-1-seimo-zirmunai	100.0	ok	
election_id	2015-lapkricio-8-telsiu-mero	100.0	ok	
election_id	2016-seimo	100.0	ok	
election_id	2017-balandzio-23-meru	100.0	ok	
election_id	2017-balandzio-23-seimo-anyksciai-panevezys	100.0	ok	
election_id	2017-rugsejo-10-marijampoles-mero	100.0	ok	
election_id	2018-rugsejo-16-seimo-zanavykai	100.0	ok	
election_id	2019-ep	100.0	ok	
election_id	2019-kovo-3-savivaldybiu-tarybu	100.0	ok	
election_id	2019-prezidento	100.0	ok	
election_id	2019-rugsejo-8-seimo	100.0	ok	
election_id	2020-seimo	100.0	ok	
election_id	2021-balandzio-11-radviliskio-mero	100.0	ok	
election_id	2021-spalio-10-meru	100.0	ok	
election_id	2023-geguzes-7-visagino-mero	100.0	ok	
election_id	2023-kovo-5-savivaldybiu-tarybu-ir-meru	100.0	ok	
election_id	2023-rugsejo-3-seimo-raseiniai-kedainiai	100.0	ok	
election_id	2023-spalio-8-kupiskio-mero	100.0	ok	
election_id	2024-ep	100.0	ok	
election_id	2024-prezidento	100.0	ok	
election_id	2024-seimo	100.0	ok	
election_id	2025-kovo-16-meru	100.0	ok	
election_kind	1996-spalio-20-seimo	100.0	ok	
election_kind	1997-birzelio-29-svenciniu-tarybos-pakartotiniai	100.0	ok	
election_kind	1997-gruodzio-21-seimo-pakartotiniai	100.0	ok	
election_kind	1997-kovo-23-savivaldybiu-tarybu	100.0	ok	
election_kind	1997-kovo-23-seimo-pakartotiniai	100.0	ok	
election_kind	1998-kovo-22-seimo-pakartotiniai	100.0	ok	
election_kind	1998-lapkricio-15-seimo-pakartotiniai	100.0	ok	
election_kind	1999-kovo-21-seimo-pakartotiniai	100.0	ok	
election_kind	2000-kovo-19-savivaldybiu-tarybu	100.0	ok	
election_kind	2000-seimo	100.0	ok	
election_kind	2002-gruodzio-22-savivaldybiu-tarybu	100.0	ok	
election_kind	2002-prezidento	100.0	ok	
election_kind	2003-birzelio-15-seimo-nauji	100.0	ok	
election_kind	2004-ep	100.0	ok	
election_kind	2004-prezidento	100.0	ok	
election_kind	2004-seimo	100.0	ok	
election_kind	2005-lapkricio-20-seimo-kedainiai	100.0	ok	
election_kind	2007-spalio-7-seimo-dzukija	100.0	ok	
election_kind	2007-vasario-25-savivaldybiu	100.0	ok	
election_kind	2008-seimo	100.0	ok	
election_kind	2009-ep	100.0	ok	
election_kind	2009-lapkricio-15-seimo-silale-silute-vilnius-salcininkai	100.0	ok	
election_kind	2009-prezidento	100.0	ok	
election_kind	2011-vasario-13-seimo-marijampole	100.0	ok	
election_kind	2011-vasario-27-savivaldybiu	100.0	ok	
election_kind	2012-seimo	100.0	ok	
election_kind	2013-kovo-3-seimo-birzai-zarasai-ukmerge	100.0	ok	
election_kind	2014-ep	100.0	ok	
election_kind	2014-prezidento	100.0	ok	
election_kind	2015-birzelio-21-pakartotiniai-silutes	100.0	ok	
election_kind	2015-birzelio-7-pakartotiniai-sirvintos-trakai	100.0	ok	
election_kind	2015-birzelio-7-seimo-varena-eisiskes	100.0	ok	
election_kind	2015-kovo-1-savivaldybiu	100.0	ok	
election_kind	2015-kovo-1-seimo-zirmunai	100.0	ok	
election_kind	2015-lapkricio-8-telsiu-mero	100.0	ok	
election_kind	2016-seimo	100.0	ok	
election_kind	2017-balandzio-23-meru	100.0	ok	
election_kind	2017-balandzio-23-seimo-anyksciai-panevezys	100.0	ok	
election_kind	2017-rugsejo-10-marijampoles-mero	100.0	ok	
election_kind	2018-rugsejo-16-seimo-zanavykai	100.0	ok	
election_kind	2019-ep	100.0	ok	
election_kind	2019-kovo-3-savivaldybiu-tarybu	100.0	ok	
election_kind	2019-prezidento	100.0	ok	
election_kind	2019-rugsejo-8-seimo	100.0	ok	
election_kind	2020-seimo	100.0	ok	
election_kind	2021-balandzio-11-radviliskio-mero	100.0	ok	
election_kind	2021-spalio-10-meru	100.0	ok	
election_kind	2023-geguzes-7-visagino-mero	100.0	ok	
election_kind	2023-kovo-5-savivaldybiu-tarybu-ir-meru	100.0	ok	
election_kind	2023-rugsejo-3-seimo-raseiniai-kedainiai	100.0	ok	
election_kind	2023-spalio-8-kupiskio-mero	100.0	ok	
election_kind	2024-ep	100.0	ok	
election_kind	2024-prezidento	100.0	ok	
election_kind	2024-seimo	100.0	ok	
election_kind	2025-kovo-16-meru	100.0	ok	
income_eur	1996-spalio-20-seimo	99.8	ok	
income_eur	1997-birzelio-29-svenciniu-tarybos-pakartotiniai	98.2	ok	
income_eur	1997-gruodzio-21-seimo-pakartotiniai	100.0	ok	
income_eur	1997-kovo-23-savivaldybiu-tarybu	87.3	ok	
income_eur	1997-kovo-23-seimo-pakartotiniai	4.3	ok	
income_eur	1998-kovo-22-seimo-pakartotiniai	18.2	ok	
income_eur	1998-lapkricio-15-seimo-pakartotiniai	100.0	ok	
income_eur	1999-kovo-21-seimo-pakartotiniai	100.0	ok	
income_eur	2000-kovo-19-savivaldybiu-tarybu	100.0	ok	
income_eur	2000-seimo	100.0	ok	
income_eur	2002-gruodzio-22-savivaldybiu-tarybu	99.8	ok	
income_eur	2002-prezidento	0.0	upstream-absent	declarations published only as archive scans (declaration_status: archyvo-skenai)
income_eur	2003-birzelio-15-seimo-nauji	92.6	ok	
income_eur	2004-ep	97.9	ok	
income_eur	2004-prezidento	100.0	ok	
income_eur	2004-seimo	97.8	ok	
income_eur	2005-lapkricio-20-seimo-kedainiai	100.0	ok	
income_eur	2007-spalio-7-seimo-dzukija	100.0	ok	
income_eur	2007-vasario-25-savivaldybiu	99.6	ok	
income_eur	2008-seimo	100.0	ok	
income_eur	2009-ep	100.0	ok	
income_eur	2009-lapkricio-15-seimo-silale-silute-vilnius-salcininkai	100.0	ok	
income_eur	2009-prezidento	100.0	ok	
income_eur	2011-vasario-13-seimo-marijampole	100.0	ok	
income_eur	2011-vasario-27-savivaldybiu	100.0	ok	
income_eur	2012-seimo	100.0	ok	
income_eur	2013-kovo-3-seimo-birzai-zarasai-ukmerge	100.0	ok	
income_eur	2014-ep	99.5	ok	
income_eur	2014-prezidento	100.0	ok	
income_eur	2015-birzelio-21-pakartotiniai-silutes	100.0	ok	
income_eur	2015-birzelio-7-pakartotiniai-sirvintos-trakai	99.7	ok	
income_eur	2015-birzelio-7-seimo-varena-eisiskes	100.0	ok	
income_eur	2015-kovo-1-savivaldybiu	100.0	ok	
income_eur	2015-kovo-1-seimo-zirmunai	100.0	ok	
income_eur	2015-lapkricio-8-telsiu-mero	100.0	ok	
income_eur	2016-seimo	99.8	ok	
income_eur	2017-balandzio-23-meru	100.0	ok	
income_eur	2017-balandzio-23-seimo-anyksciai-panevezys	100.0	ok	
income_eur	2017-rugsejo-10-marijampoles-mero	100.0	ok	
income_eur	2018-rugsejo-16-seimo-zanavykai	100.0	ok	
income_eur	2019-ep	100.0	ok	
income_eur	2019-kovo-3-savivaldybiu-tarybu	100.0	ok	
income_eur	2019-prezidento	100.0	ok	
income_eur	2019-rugsejo-8-seimo	100.0	ok	
income_eur	2020-seimo	99.9	ok	
income_eur	2021-balandzio-11-radviliskio-mero	100.0	ok	
income_eur	2021-spalio-10-meru	100.0	ok	
income_eur	2023-geguzes-7-visagino-mero	100.0	ok	
income_eur	2023-kovo-5-savivaldybiu-tarybu-ir-meru	100.0	ok	
income_eur	2023-rugsejo-3-seimo-raseiniai-kedainiai	100.0	ok	
income_eur	2023-spalio-8-kupiskio-mero	100.0	ok	
income_eur	2024-ep	100.0	ok	
income_eur	2024-prezidento	100.0	ok	
income_eur	2024-seimo	100.0	ok	
income_eur	2025-kovo-16-meru	100.0	ok	
income_floor_only	1996-spalio-20-seimo	100.0	ok	
income_floor_only	1997-birzelio-29-svenciniu-tarybos-pakartotiniai	98.2	ok	
income_floor_only	1997-gruodzio-21-seimo-pakartotiniai	100.0	ok	
income_floor_only	1997-kovo-23-savivaldybiu-tarybu	87.3	ok	
income_floor_only	1997-kovo-23-seimo-pakartotiniai	4.3	ok	
income_floor_only	1998-kovo-22-seimo-pakartotiniai	18.2	ok	
income_floor_only	1998-lapkricio-15-seimo-pakartotiniai	100.0	ok	
income_floor_only	1999-kovo-21-seimo-pakartotiniai	100.0	ok	
income_floor_only	2000-kovo-19-savivaldybiu-tarybu	100.0	ok	
income_floor_only	2000-seimo	100.0	ok	
income_floor_only	2002-gruodzio-22-savivaldybiu-tarybu	100.0	ok	
income_floor_only	2002-prezidento	0.0	upstream-absent	declarations published only as archive scans
income_floor_only	2003-birzelio-15-seimo-nauji	100.0	ok	
income_floor_only	2004-ep	100.0	ok	
income_floor_only	2004-prezidento	100.0	ok	
income_floor_only	2004-seimo	99.9	ok	
income_floor_only	2005-lapkricio-20-seimo-kedainiai	100.0	ok	
income_floor_only	2007-spalio-7-seimo-dzukija	100.0	ok	
income_floor_only	2007-vasario-25-savivaldybiu	100.0	ok	
income_floor_only	2008-seimo	100.0	ok	
income_floor_only	2009-ep	100.0	ok	
income_floor_only	2009-lapkricio-15-seimo-silale-silute-vilnius-salcininkai	100.0	ok	
income_floor_only	2009-prezidento	100.0	ok	
income_floor_only	2011-vasario-13-seimo-marijampole	100.0	ok	
income_floor_only	2011-vasario-27-savivaldybiu	100.0	ok	
income_floor_only	2012-seimo	100.0	ok	
income_floor_only	2013-kovo-3-seimo-birzai-zarasai-ukmerge	100.0	ok	
income_floor_only	2014-ep	100.0	ok	
income_floor_only	2014-prezidento	100.0	ok	
income_floor_only	2015-birzelio-21-pakartotiniai-silutes	100.0	ok	
income_floor_only	2015-birzelio-7-pakartotiniai-sirvintos-trakai	100.0	ok	
income_floor_only	2015-birzelio-7-seimo-varena-eisiskes	100.0	ok	
income_floor_only	2015-kovo-1-savivaldybiu	100.0	ok	
income_floor_only	2015-kovo-1-seimo-zirmunai	100.0	ok	
income_floor_only	2015-lapkricio-8-telsiu-mero	100.0	ok	
income_floor_only	2016-seimo	100.0	ok	
income_floor_only	2017-balandzio-23-meru	100.0	ok	
income_floor_only	2017-balandzio-23-seimo-anyksciai-panevezys	100.0	ok	
income_floor_only	2017-rugsejo-10-marijampoles-mero	100.0	ok	
income_floor_only	2018-rugsejo-16-seimo-zanavykai	100.0	ok	
income_floor_only	2019-ep	100.0	ok	
income_floor_only	2019-kovo-3-savivaldybiu-tarybu	100.0	ok	
income_floor_only	2019-prezidento	100.0	ok	
income_floor_only	2019-rugsejo-8-seimo	100.0	ok	
income_floor_only	2020-seimo	99.9	ok	
income_floor_only	2021-balandzio-11-radviliskio-mero	100.0	ok	
income_floor_only	2021-spalio-10-meru	100.0	ok	
income_floor_only	2023-geguzes-7-visagino-mero	100.0	ok	
income_floor_only	2023-kovo-5-savivaldybiu-tarybu-ir-meru	100.0	ok	
income_floor_only	2023-rugsejo-3-seimo-raseiniai-kedainiai	100.0	ok	
income_floor_only	2023-spalio-8-kupiskio-mero	100.0	ok	
income_floor_only	2024-ep	100.0	ok	
income_floor_only	2024-prezidento	100.0	ok	
income_floor_only	2024-seimo	100.0	ok	
income_floor_only	2025-kovo-16-meru	100.0	ok	
income_gross_eur	1996-spalio-20-seimo	99.4	ok	
income_gross_eur	1997-birzelio-29-svenciniu-tarybos-pakartotiniai	98.2	ok	
income_gross_eur	1997-gruodzio-21-seimo-pakartotiniai	100.0	ok	
income_gross_eur	1997-kovo-23-savivaldybiu-tarybu	86.6	ok	
income_gross_eur	1997-kovo-23-seimo-pakartotiniai	4.3	ok	
income_gross_eur	1998-kovo-22-seimo-pakartotiniai	18.2	ok	
income_gross_eur	1998-lapkricio-15-seimo-pakartotiniai	100.0	ok	
income_gross_eur	1999-kovo-21-seimo-pakartotiniai	100.0	ok	
income_gross_eur	2000-kovo-19-savivaldybiu-tarybu	99.3	ok	
income_gross_eur	2000-seimo	99.8	ok	
income_gross_eur	2002-gruodzio-22-savivaldybiu-tarybu	99.2	ok	
income_gross_eur	2002-prezidento	0.0	upstream-absent	declarations published only as archive scans (declaration_status: archyvo-skenai)
income_gross_eur	2003-birzelio-15-seimo-nauji	92.6	ok	
income_gross_eur	2004-ep	97.9	ok	
income_gross_eur	2004-prezidento	100.0	ok	
income_gross_eur	2004-seimo	97.8	ok	
income_gross_eur	2005-lapkricio-20-seimo-kedainiai	100.0	ok	
income_gross_eur	2007-spalio-7-seimo-dzukija	100.0	ok	
income_gross_eur	2007-vasario-25-savivaldybiu	99.6	ok	
income_gross_eur	2008-seimo	100.0	ok	
income_gross_eur	2009-ep	100.0	ok	
income_gross_eur	2009-lapkricio-15-seimo-silale-silute-vilnius-salcininkai	100.0	ok	
income_gross_eur	2009-prezidento	100.0	ok	
income_gross_eur	2011-vasario-13-seimo-marijampole	100.0	ok	
income_gross_eur	2011-vasario-27-savivaldybiu	100.0	ok	
income_gross_eur	2012-seimo	100.0	ok	
income_gross_eur	2013-kovo-3-seimo-birzai-zarasai-ukmerge	100.0	ok	
income_gross_eur	2014-ep	99.5	ok	
income_gross_eur	2014-prezidento	100.0	ok	
income_gross_eur	2015-birzelio-21-pakartotiniai-silutes	100.0	ok	
income_gross_eur	2015-birzelio-7-pakartotiniai-sirvintos-trakai	99.7	ok	
income_gross_eur	2015-birzelio-7-seimo-varena-eisiskes	100.0	ok	
income_gross_eur	2015-kovo-1-savivaldybiu	100.0	ok	
income_gross_eur	2015-kovo-1-seimo-zirmunai	100.0	ok	
income_gross_eur	2015-lapkricio-8-telsiu-mero	100.0	ok	
income_gross_eur	2016-seimo	99.8	ok	
income_gross_eur	2017-balandzio-23-meru	100.0	ok	
income_gross_eur	2017-balandzio-23-seimo-anyksciai-panevezys	100.0	ok	
income_gross_eur	2017-rugsejo-10-marijampoles-mero	100.0	ok	
income_gross_eur	2018-rugsejo-16-seimo-zanavykai	100.0	ok	
income_gross_eur	2019-ep	100.0	ok	
income_gross_eur	2019-kovo-3-savivaldybiu-tarybu	100.0	ok	
income_gross_eur	2019-prezidento	100.0	ok	
income_gross_eur	2019-rugsejo-8-seimo	100.0	ok	
income_gross_eur	2020-seimo	99.9	ok	
income_gross_eur	2021-balandzio-11-radviliskio-mero	100.0	ok	
income_gross_eur	2021-spalio-10-meru	100.0	ok	
income_gross_eur	2023-geguzes-7-visagino-mero	100.0	ok	
income_gross_eur	2023-kovo-5-savivaldybiu-tarybu-ir-meru	100.0	ok	
income_gross_eur	2023-rugsejo-3-seimo-raseiniai-kedainiai	100.0	ok	
income_gross_eur	2023-spalio-8-kupiskio-mero	100.0	ok	
income_gross_eur	2024-ep	100.0	ok	
income_gross_eur	2024-prezidento	100.0	ok	
income_gross_eur	2024-seimo	100.0	ok	
income_gross_eur	2025-kovo-16-meru	100.0	ok	
income_measure	1996-spalio-20-seimo	100.0	ok	
income_measure	1997-birzelio-29-svenciniu-tarybos-pakartotiniai	98.2	ok	
income_measure	1997-gruodzio-21-seimo-pakartotiniai	100.0	ok	
income_measure	1997-kovo-23-savivaldybiu-tarybu	87.3	ok	
income_measure	1997-kovo-23-seimo-pakartotiniai	4.3	ok	
income_measure	1998-kovo-22-seimo-pakartotiniai	18.2	ok	
income_measure	1998-lapkricio-15-seimo-pakartotiniai	100.0	ok	
income_measure	1999-kovo-21-seimo-pakartotiniai	100.0	ok	
income_measure	2000-kovo-19-savivaldybiu-tarybu	100.0	ok	
income_measure	2000-seimo	100.0	ok	
income_measure	2002-gruodzio-22-savivaldybiu-tarybu	100.0	ok	
income_measure	2002-prezidento	0.0	upstream-absent	declarations published only as archive scans
income_measure	2003-birzelio-15-seimo-nauji	100.0	ok	
income_measure	2004-ep	100.0	ok	
income_measure	2004-prezidento	100.0	ok	
income_measure	2004-seimo	99.9	ok	
income_measure	2005-lapkricio-20-seimo-kedainiai	100.0	ok	
income_measure	2007-spalio-7-seimo-dzukija	100.0	ok	
income_measure	2007-vasario-25-savivaldybiu	100.0	ok	
income_measure	2008-seimo	100.0	ok	
income_measure	2009-ep	100.0	ok	
income_measure	2009-lapkricio-15-seimo-silale-silute-vilnius-salcininkai	100.0	ok	
income_measure	2009-prezidento	100.0	ok	
income_measure	2011-vasario-13-seimo-marijampole	100.0	ok	
income_measure	2011-vasario-27-savivaldybiu	100.0	ok	
income_measure	2012-seimo	100.0	ok	
income_measure	2013-kovo-3-seimo-birzai-zarasai-ukmerge	100.0	ok	
income_measure	2014-ep	100.0	ok	
income_measure	2014-prezidento	100.0	ok	
income_measure	2015-birzelio-21-pakartotiniai-silutes	100.0	ok	
income_measure	2015-birzelio-7-pakartotiniai-sirvintos-trakai	100.0	ok	
income_measure	2015-birzelio-7-seimo-varena-eisiskes	100.0	ok	
income_measure	2015-kovo-1-savivaldybiu	100.0	ok	
income_measure	2015-kovo-1-seimo-zirmunai	100.0	ok	
income_measure	2015-lapkricio-8-telsiu-mero	100.0	ok	
income_measure	2016-seimo	100.0	ok	
income_measure	2017-balandzio-23-meru	100.0	ok	
income_measure	2017-balandzio-23-seimo-anyksciai-panevezys	100.0	ok	
income_measure	2017-rugsejo-10-marijampoles-mero	100.0	ok	
income_measure	2018-rugsejo-16-seimo-zanavykai	100.0	ok	
income_measure	2019-ep	100.0	ok	
income_measure	2019-kovo-3-savivaldybiu-tarybu	100.0	ok	
income_measure	2019-prezidento	100.0	ok	
income_measure	2019-rugsejo-8-seimo	100.0	ok	
income_measure	2020-seimo	99.9	ok	
income_measure	2021-balandzio-11-radviliskio-mero	100.0	ok	
income_measure	2021-spalio-10-meru	100.0	ok	
income_measure	2023-geguzes-7-visagino-mero	100.0	ok	
income_measure	2023-kovo-5-savivaldybiu-tarybu-ir-meru	100.0	ok	
income_measure	2023-rugsejo-3-seimo-raseiniai-kedainiai	100.0	ok	
income_measure	2023-spalio-8-kupiskio-mero	100.0	ok	
income_measure	2024-ep	100.0	ok	
income_measure	2024-prezidento	100.0	ok	
income_measure	2024-seimo	100.0	ok	
income_measure	2025-kovo-16-meru	100.0	ok	
income_tax_eur	1996-spalio-20-seimo	99.4	ok	
income_tax_eur	1997-birzelio-29-svenciniu-tarybos-pakartotiniai	98.2	ok	
income_tax_eur	1997-gruodzio-21-seimo-pakartotiniai	100.0	ok	
income_tax_eur	1997-kovo-23-savivaldybiu-tarybu	86.6	ok	
income_tax_eur	1997-kovo-23-seimo-pakartotiniai	4.3	ok	
income_tax_eur	1998-kovo-22-seimo-pakartotiniai	18.2	ok	
income_tax_eur	1998-lapkricio-15-seimo-pakartotiniai	100.0	ok	
income_tax_eur	1999-kovo-21-seimo-pakartotiniai	100.0	ok	
income_tax_eur	2000-kovo-19-savivaldybiu-tarybu	99.3	ok	
income_tax_eur	2000-seimo	99.8	ok	
income_tax_eur	2002-gruodzio-22-savivaldybiu-tarybu	99.2	ok	
income_tax_eur	2002-prezidento	0.0	upstream-absent	declarations published only as archive scans (declaration_status: archyvo-skenai)
income_tax_eur	2003-birzelio-15-seimo-nauji	92.6	ok	
income_tax_eur	2004-ep	95.0	ok	
income_tax_eur	2004-prezidento	100.0	ok	
income_tax_eur	2004-seimo	92.7	ok	
income_tax_eur	2005-lapkricio-20-seimo-kedainiai	100.0	ok	
income_tax_eur	2007-spalio-7-seimo-dzukija	100.0	ok	
income_tax_eur	2007-vasario-25-savivaldybiu	99.6	ok	
income_tax_eur	2008-seimo	99.9	ok	
income_tax_eur	2009-ep	99.6	ok	
income_tax_eur	2009-lapkricio-15-seimo-silale-silute-vilnius-salcininkai	100.0	ok	
income_tax_eur	2009-prezidento	100.0	ok	
income_tax_eur	2011-vasario-13-seimo-marijampole	100.0	ok	
income_tax_eur	2011-vasario-27-savivaldybiu	99.8	ok	
income_tax_eur	2012-seimo	100.0	ok	
income_tax_eur	2013-kovo-3-seimo-birzai-zarasai-ukmerge	100.0	ok	
income_tax_eur	2014-ep	99.1	ok	
income_tax_eur	2014-prezidento	100.0	ok	
income_tax_eur	2015-birzelio-21-pakartotiniai-silutes	100.0	ok	
income_tax_eur	2015-birzelio-7-pakartotiniai-sirvintos-trakai	99.7	ok	
income_tax_eur	2015-birzelio-7-seimo-varena-eisiskes	100.0	ok	
income_tax_eur	2015-kovo-1-savivaldybiu	100.0	ok	
income_tax_eur	2015-kovo-1-seimo-zirmunai	100.0	ok	
income_tax_eur	2015-lapkricio-8-telsiu-mero	100.0	ok	
income_tax_eur	2016-seimo	99.8	ok	
income_tax_eur	2017-balandzio-23-meru	100.0	ok	
income_tax_eur	2017-balandzio-23-seimo-anyksciai-panevezys	100.0	ok	
income_tax_eur	2017-rugsejo-10-marijampoles-mero	100.0	ok	
income_tax_eur	2018-rugsejo-16-seimo-zanavykai	100.0	ok	
income_tax_eur	2019-ep	100.0	ok	
income_tax_eur	2019-kovo-3-savivaldybiu-tarybu	100.0	ok	
income_tax_eur	2019-prezidento	100.0	ok	
income_tax_eur	2019-rugsejo-8-seimo	100.0	ok	
income_tax_eur	2020-seimo	99.9	ok	
income_tax_eur	2021-balandzio-11-radviliskio-mero	100.0	ok	
income_tax_eur	2021-spalio-10-meru	100.0	ok	
income_tax_eur	2023-geguzes-7-visagino-mero	100.0	ok	
income_tax_eur	2023-kovo-5-savivaldybiu-tarybu-ir-meru	100.0	ok	
income_tax_eur	2023-rugsejo-3-seimo-raseiniai-kedainiai	100.0	ok	
income_tax_eur	2023-spalio-8-kupiskio-mero	100.0	ok	
income_tax_eur	2024-ep	100.0	ok	
income_tax_eur	2024-prezidento	100.0	ok	
income_tax_eur	2024-seimo	100.0	ok	
income_tax_eur	2025-kovo-16-meru	100.0	ok	
list_name	1996-spalio-20-seimo	87.3	ok	
list_name	1997-birzelio-29-svenciniu-tarybos-pakartotiniai	100.0	ok	
list_name	1997-gruodzio-21-seimo-pakartotiniai	0.0	upstream-absent	a single-mandate Seimas by-election; no party list on the ballot
list_name	1997-kovo-23-savivaldybiu-tarybu	100.0	ok	
list_name	1997-kovo-23-seimo-pakartotiniai	0.0	upstream-absent	a single-mandate Seimas by-election; no party list on the ballot
list_name	1998-kovo-22-seimo-pakartotiniai	0.0	upstream-absent	a single-mandate Seimas by-election; no party list on the ballot
list_name	1998-lapkricio-15-seimo-pakartotiniai	0.0	upstream-absent	a single-mandate Seimas by-election; no party list on the ballot
list_name	1999-kovo-21-seimo-pakartotiniai	0.0	upstream-absent	a single-mandate Seimas by-election; no party list on the ballot
list_name	2000-kovo-19-savivaldybiu-tarybu	100.0	ok	
list_name	2000-seimo	90.6	ok	
list_name	2002-gruodzio-22-savivaldybiu-tarybu	100.0	ok	
list_name	2002-prezidento	0.0	upstream-absent	presidential candidates stand on no list
list_name	2003-birzelio-15-seimo-nauji	0.0	upstream-absent	a single-mandate Seimas by-election; no party list on the ballot
list_name	2004-ep	100.0	ok	
list_name	2004-prezidento	0.0	upstream-absent	presidential candidates stand on no list
list_name	2004-seimo	94.6	ok	
list_name	2005-lapkricio-20-seimo-kedainiai	0.0	upstream-absent	a single-mandate Seimas by-election; no party list on the ballot
list_name	2007-spalio-7-seimo-dzukija	0.0	upstream-absent	a single-mandate Seimas by-election; no party list on the ballot
list_name	2007-vasario-25-savivaldybiu	100.0	ok	
list_name	2008-seimo	98.8	ok	
list_name	2009-ep	100.0	ok	
list_name	2009-lapkricio-15-seimo-silale-silute-vilnius-salcininkai	0.0	upstream-absent	a single-mandate Seimas by-election; no party list on the ballot
list_name	2009-prezidento	0.0	upstream-absent	presidential candidates stand on no list
list_name	2011-vasario-13-seimo-marijampole	0.0	upstream-absent	a single-mandate Seimas by-election; no party list on the ballot
list_name	2011-vasario-27-savivaldybiu	99.1	ok	
list_name	2012-seimo	97.5	ok	
list_name	2013-kovo-3-seimo-birzai-zarasai-ukmerge	0.0	upstream-absent	a single-mandate Seimas by-election; no party list on the ballot
list_name	2014-ep	100.0	ok	
list_name	2014-prezidento	0.0	upstream-absent	presidential candidates stand on no list
list_name	2015-birzelio-21-pakartotiniai-silutes	100.0	ok	
list_name	2015-birzelio-7-pakartotiniai-sirvintos-trakai	97.6	ok	
list_name	2015-birzelio-7-seimo-varena-eisiskes	0.0	upstream-absent	a single-mandate Seimas by-election; no party list on the ballot
list_name	2015-kovo-1-savivaldybiu	99.9	ok	
list_name	2015-kovo-1-seimo-zirmunai	0.0	upstream-absent	a single-mandate Seimas by-election; no party list on the ballot
list_name	2015-lapkricio-8-telsiu-mero	0.0	upstream-absent	the mayoral card prints its Sąrašas row empty (verified upstream)
list_name	2016-seimo	98.0	ok	
list_name	2017-balandzio-23-meru	0.0	upstream-absent	the mayoral card prints its Sąrašas row empty (verified upstream)
list_name	2017-balandzio-23-seimo-anyksciai-panevezys	0.0	upstream-absent	a single-mandate Seimas by-election; no party list on the ballot
list_name	2017-rugsejo-10-marijampoles-mero	0.0	upstream-absent	the mayoral card prints its Sąrašas row empty (verified upstream)
list_name	2018-rugsejo-16-seimo-zanavykai	0.0	upstream-absent	a single-mandate Seimas by-election; no party list on the ballot
list_name	2019-ep	100.0	ok	
list_name	2019-kovo-3-savivaldybiu-tarybu	99.8	ok	
list_name	2019-prezidento	0.0	upstream-absent	presidential candidates stand on no list
list_name	2019-rugsejo-8-seimo	0.0	upstream-absent	a single-mandate Seimas by-election; no party list on the ballot
list_name	2020-seimo	98.3	ok	
list_name	2021-balandzio-11-radviliskio-mero	0.0	upstream-absent	the mayoral card prints its Sąrašas row empty (verified upstream)
list_name	2021-spalio-10-meru	0.0	upstream-absent	the mayoral card prints its Sąrašas row empty (verified upstream)
list_name	2023-geguzes-7-visagino-mero	0.0	upstream-absent	the mayoral card prints its Sąrašas row empty (verified upstream)
list_name	2023-kovo-5-savivaldybiu-tarybu-ir-meru	99.8	ok	
list_name	2023-rugsejo-3-seimo-raseiniai-kedainiai	0.0	upstream-absent	a single-mandate Seimas by-election; no party list on the ballot
list_name	2023-spalio-8-kupiskio-mero	0.0	upstream-absent	the mayoral card prints its Sąrašas row empty (verified upstream)
list_name	2024-ep	100.0	ok	
list_name	2024-prezidento	0.0	upstream-absent	presidential candidates stand on no list
list_name	2024-seimo	98.9	ok	
list_name	2025-kovo-16-meru	0.0	upstream-absent	the mayoral card prints its Sąrašas row empty (verified upstream)
list_position	1996-spalio-20-seimo	87.3	ok	
list_position	1997-birzelio-29-svenciniu-tarybos-pakartotiniai	100.0	ok	
list_position	1997-gruodzio-21-seimo-pakartotiniai	0.0	upstream-absent	a single-mandate Seimas by-election; no party list on the ballot
list_position	1997-kovo-23-savivaldybiu-tarybu	100.0	ok	
list_position	1997-kovo-23-seimo-pakartotiniai	0.0	upstream-absent	a single-mandate Seimas by-election; no party list on the ballot
list_position	1998-kovo-22-seimo-pakartotiniai	0.0	upstream-absent	a single-mandate Seimas by-election; no party list on the ballot
list_position	1998-lapkricio-15-seimo-pakartotiniai	0.0	upstream-absent	a single-mandate Seimas by-election; no party list on the ballot
list_position	1999-kovo-21-seimo-pakartotiniai	0.0	upstream-absent	a single-mandate Seimas by-election; no party list on the ballot
list_position	2000-kovo-19-savivaldybiu-tarybu	100.0	ok	
list_position	2000-seimo	90.6	ok	
list_position	2002-gruodzio-22-savivaldybiu-tarybu	100.0	ok	
list_position	2002-prezidento	0.0	upstream-absent	presidential candidates stand on no list
list_position	2003-birzelio-15-seimo-nauji	0.0	upstream-absent	a single-mandate Seimas by-election; no party list on the ballot
list_position	2004-ep	100.0	ok	
list_position	2004-prezidento	0.0	upstream-absent	presidential candidates stand on no list
list_position	2004-seimo	94.6	ok	
list_position	2005-lapkricio-20-seimo-kedainiai	0.0	upstream-absent	a single-mandate Seimas by-election; no party list on the ballot
list_position	2007-spalio-7-seimo-dzukija	0.0	upstream-absent	a single-mandate Seimas by-election; no party list on the ballot
list_position	2007-vasario-25-savivaldybiu	100.0	ok	
list_position	2008-seimo	98.4	ok	
list_position	2009-ep	100.0	ok	
list_position	2009-lapkricio-15-seimo-silale-silute-vilnius-salcininkai	0.0	upstream-absent	a single-mandate Seimas by-election; no party list on the ballot
list_position	2009-prezidento	0.0	upstream-absent	presidential candidates stand on no list
list_position	2011-vasario-13-seimo-marijampole	0.0	upstream-absent	a single-mandate Seimas by-election; no party list on the ballot
list_position	2011-vasario-27-savivaldybiu	99.1	ok	
list_position	2012-seimo	97.1	ok	
list_position	2013-kovo-3-seimo-birzai-zarasai-ukmerge	0.0	upstream-absent	a single-mandate Seimas by-election; no party list on the ballot
list_position	2014-ep	100.0	ok	
list_position	2014-prezidento	0.0	upstream-absent	presidential candidates stand on no list
list_position	2015-birzelio-21-pakartotiniai-silutes	100.0	ok	
list_position	2015-birzelio-7-pakartotiniai-sirvintos-trakai	97.6	ok	
list_position	2015-birzelio-7-seimo-varena-eisiskes	0.0	upstream-absent	a single-mandate Seimas by-election; no party list on the ballot
list_position	2015-kovo-1-savivaldybiu	99.9	ok	
list_position	2015-kovo-1-seimo-zirmunai	0.0	upstream-absent	a single-mandate Seimas by-election; no party list on the ballot
list_position	2015-lapkricio-8-telsiu-mero	0.0	upstream-absent	the mayoral card prints its Sąrašas row empty (verified upstream)
list_position	2016-seimo	98.2	ok	
list_position	2017-balandzio-23-meru	0.0	upstream-absent	the mayoral card prints its Sąrašas row empty (verified upstream)
list_position	2017-balandzio-23-seimo-anyksciai-panevezys	0.0	upstream-absent	a single-mandate Seimas by-election; no party list on the ballot
list_position	2017-rugsejo-10-marijampoles-mero	0.0	upstream-absent	the mayoral card prints its Sąrašas row empty (verified upstream)
list_position	2018-rugsejo-16-seimo-zanavykai	0.0	upstream-absent	a single-mandate Seimas by-election; no party list on the ballot
list_position	2019-ep	100.0	ok	
list_position	2019-kovo-3-savivaldybiu-tarybu	99.8	ok	
list_position	2019-prezidento	0.0	upstream-absent	presidential candidates stand on no list
list_position	2019-rugsejo-8-seimo	0.0	upstream-absent	a single-mandate Seimas by-election; no party list on the ballot
list_position	2020-seimo	98.3	ok	
list_position	2021-balandzio-11-radviliskio-mero	0.0	upstream-absent	the mayoral card prints its Sąrašas row empty (verified upstream)
list_position	2021-spalio-10-meru	0.0	upstream-absent	the mayoral card prints its Sąrašas row empty (verified upstream)
list_position	2023-geguzes-7-visagino-mero	0.0	upstream-absent	the mayoral card prints its Sąrašas row empty (verified upstream)
list_position	2023-kovo-5-savivaldybiu-tarybu-ir-meru	99.8	ok	
list_position	2023-rugsejo-3-seimo-raseiniai-kedainiai	0.0	upstream-absent	a single-mandate Seimas by-election; no party list on the ballot
list_position	2023-spalio-8-kupiskio-mero	0.0	upstream-absent	the mayoral card prints its Sąrašas row empty (verified upstream)
list_position	2024-ep	100.0	ok	
list_position	2024-prezidento	0.0	upstream-absent	presidential candidates stand on no list
list_position	2024-seimo	98.9	ok	
list_position	2025-kovo-16-meru	0.0	upstream-absent	the mayoral card prints its Sąrašas row empty (verified upstream)
loans_given_eur	1996-spalio-20-seimo	0.0	upstream-absent	the 1996-2000 form folds these into its combined rows
loans_given_eur	1997-birzelio-29-svenciniu-tarybos-pakartotiniai	0.0	upstream-absent	the 1996-2000 form folds these into its combined rows
loans_given_eur	1997-gruodzio-21-seimo-pakartotiniai	0.0	upstream-absent	the 1996-2000 form folds these into its combined rows
loans_given_eur	1997-kovo-23-savivaldybiu-tarybu	0.0	upstream-absent	the 1996-2000 form folds these into its combined rows
loans_given_eur	1997-kovo-23-seimo-pakartotiniai	0.0	upstream-absent	the 1996-2000 form folds these into its combined rows
loans_given_eur	1998-kovo-22-seimo-pakartotiniai	0.0	upstream-absent	the 1996-2000 form folds these into its combined rows
loans_given_eur	1998-lapkricio-15-seimo-pakartotiniai	0.0	upstream-absent	the 1996-2000 form folds these into its combined rows
loans_given_eur	1999-kovo-21-seimo-pakartotiniai	0.0	upstream-absent	the 1996-2000 form folds these into its combined rows
loans_given_eur	2000-kovo-19-savivaldybiu-tarybu	0.0	upstream-absent	the 1996-2000 form folds these into its combined rows
loans_given_eur	2000-seimo	0.0	upstream-absent	the 1996-2000 form folds these into its combined rows
loans_given_eur	2002-gruodzio-22-savivaldybiu-tarybu	92.9	ok	
loans_given_eur	2002-prezidento	0.0	upstream-absent	declarations published only as archive scans (declaration_status: archyvo-skenai)
loans_given_eur	2003-birzelio-15-seimo-nauji	14.8	ok	
loans_given_eur	2004-ep	8.3	ok	
loans_given_eur	2004-prezidento	80.0	ok	
loans_given_eur	2004-seimo	35.6	ok	
loans_given_eur	2005-lapkricio-20-seimo-kedainiai	20.0	ok	
loans_given_eur	2007-spalio-7-seimo-dzukija	100.0	ok	
loans_given_eur	2007-vasario-25-savivaldybiu	99.4	ok	
loans_given_eur	2008-seimo	100.0	ok	
loans_given_eur	2009-ep	100.0	ok	
loans_given_eur	2009-lapkricio-15-seimo-silale-silute-vilnius-salcininkai	100.0	ok	
loans_given_eur	2009-prezidento	100.0	ok	
loans_given_eur	2011-vasario-13-seimo-marijampole	100.0	ok	
loans_given_eur	2011-vasario-27-savivaldybiu	100.0	ok	
loans_given_eur	2012-seimo	100.0	ok	
loans_given_eur	2013-kovo-3-seimo-birzai-zarasai-ukmerge	100.0	ok	
loans_given_eur	2014-ep	100.0	ok	
loans_given_eur	2014-prezidento	100.0	ok	
loans_given_eur	2015-birzelio-21-pakartotiniai-silutes	100.0	ok	
loans_given_eur	2015-birzelio-7-pakartotiniai-sirvintos-trakai	99.7	ok	
loans_given_eur	2015-birzelio-7-seimo-varena-eisiskes	100.0	ok	
loans_given_eur	2015-kovo-1-savivaldybiu	100.0	ok	
loans_given_eur	2015-kovo-1-seimo-zirmunai	100.0	ok	
loans_given_eur	2015-lapkricio-8-telsiu-mero	100.0	ok	
loans_given_eur	2016-seimo	99.8	ok	
loans_given_eur	2017-balandzio-23-meru	100.0	ok	
loans_given_eur	2017-balandzio-23-seimo-anyksciai-panevezys	100.0	ok	
loans_given_eur	2017-rugsejo-10-marijampoles-mero	100.0	ok	
loans_given_eur	2018-rugsejo-16-seimo-zanavykai	100.0	ok	
loans_given_eur	2019-ep	100.0	ok	
loans_given_eur	2019-kovo-3-savivaldybiu-tarybu	100.0	ok	
loans_given_eur	2019-prezidento	100.0	ok	
loans_given_eur	2019-rugsejo-8-seimo	100.0	ok	
loans_given_eur	2020-seimo	99.9	ok	
loans_given_eur	2021-balandzio-11-radviliskio-mero	100.0	ok	
loans_given_eur	2021-spalio-10-meru	100.0	ok	
loans_given_eur	2023-geguzes-7-visagino-mero	100.0	ok	
loans_given_eur	2023-kovo-5-savivaldybiu-tarybu-ir-meru	100.0	ok	
loans_given_eur	2023-rugsejo-3-seimo-raseiniai-kedainiai	100.0	ok	
loans_given_eur	2023-spalio-8-kupiskio-mero	100.0	ok	
loans_given_eur	2024-ep	100.0	ok	
loans_given_eur	2024-prezidento	100.0	ok	
loans_given_eur	2024-seimo	100.0	ok	
loans_given_eur	2025-kovo-16-meru	100.0	ok	
loans_received_eur	1996-spalio-20-seimo	0.0	upstream-absent	the 1996-2000 form folds these into its combined rows
loans_received_eur	1997-birzelio-29-svenciniu-tarybos-pakartotiniai	0.0	upstream-absent	the 1996-2000 form folds these into its combined rows
loans_received_eur	1997-gruodzio-21-seimo-pakartotiniai	0.0	upstream-absent	the 1996-2000 form folds these into its combined rows
loans_received_eur	1997-kovo-23-savivaldybiu-tarybu	0.0	upstream-absent	the 1996-2000 form folds these into its combined rows
loans_received_eur	1997-kovo-23-seimo-pakartotiniai	0.0	upstream-absent	the 1996-2000 form folds these into its combined rows
loans_received_eur	1998-kovo-22-seimo-pakartotiniai	0.0	upstream-absent	the 1996-2000 form folds these into its combined rows
loans_received_eur	1998-lapkricio-15-seimo-pakartotiniai	0.0	upstream-absent	the 1996-2000 form folds these into its combined rows
loans_received_eur	1999-kovo-21-seimo-pakartotiniai	0.0	upstream-absent	the 1996-2000 form folds these into its combined rows
loans_received_eur	2000-kovo-19-savivaldybiu-tarybu	0.0	upstream-absent	the 1996-2000 form folds these into its combined rows
loans_received_eur	2000-seimo	0.0	upstream-absent	the 1996-2000 form folds these into its combined rows
loans_received_eur	2002-gruodzio-22-savivaldybiu-tarybu	93.0	ok	
loans_received_eur	2002-prezidento	0.0	upstream-absent	declarations published only as archive scans (declaration_status: archyvo-skenai)
loans_received_eur	2003-birzelio-15-seimo-nauji	0.0	upstream-absent	the row is printed and holds „-“ on all 27 records
loans_received_eur	2004-ep	18.3	ok	
loans_received_eur	2004-prezidento	80.0	ok	
loans_received_eur	2004-seimo	41.5	ok	
loans_received_eur	2005-lapkricio-20-seimo-kedainiai	40.0	ok	
loans_received_eur	2007-spalio-7-seimo-dzukija	100.0	ok	
loans_received_eur	2007-vasario-25-savivaldybiu	99.4	ok	
loans_received_eur	2008-seimo	100.0	ok	
loans_received_eur	2009-ep	100.0	ok	
loans_received_eur	2009-lapkricio-15-seimo-silale-silute-vilnius-salcininkai	100.0	ok	
loans_received_eur	2009-prezidento	100.0	ok	
loans_received_eur	2011-vasario-13-seimo-marijampole	100.0	ok	
loans_received_eur	2011-vasario-27-savivaldybiu	100.0	ok	
loans_received_eur	2012-seimo	100.0	ok	
loans_received_eur	2013-kovo-3-seimo-birzai-zarasai-ukmerge	100.0	ok	
loans_received_eur	2014-ep	100.0	ok	
loans_received_eur	2014-prezidento	100.0	ok	
loans_received_eur	2015-birzelio-21-pakartotiniai-silutes	100.0	ok	
loans_received_eur	2015-birzelio-7-pakartotiniai-sirvintos-trakai	99.7	ok	
loans_received_eur	2015-birzelio-7-seimo-varena-eisiskes	100.0	ok	
loans_received_eur	2015-kovo-1-savivaldybiu	100.0	ok	
loans_received_eur	2015-kovo-1-seimo-zirmunai	100.0	ok	
loans_received_eur	2015-lapkricio-8-telsiu-mero	100.0	ok	
loans_received_eur	2016-seimo	99.8	ok	
loans_received_eur	2017-balandzio-23-meru	100.0	ok	
loans_received_eur	2017-balandzio-23-seimo-anyksciai-panevezys	100.0	ok	
loans_received_eur	2017-rugsejo-10-marijampoles-mero	100.0	ok	
loans_received_eur	2018-rugsejo-16-seimo-zanavykai	100.0	ok	
loans_received_eur	2019-ep	100.0	ok	
loans_received_eur	2019-kovo-3-savivaldybiu-tarybu	100.0	ok	
loans_received_eur	2019-prezidento	100.0	ok	
loans_received_eur	2019-rugsejo-8-seimo	100.0	ok	
loans_received_eur	2020-seimo	99.9	ok	
loans_received_eur	2021-balandzio-11-radviliskio-mero	100.0	ok	
loans_received_eur	2021-spalio-10-meru	100.0	ok	
loans_received_eur	2023-geguzes-7-visagino-mero	100.0	ok	
loans_received_eur	2023-kovo-5-savivaldybiu-tarybu-ir-meru	100.0	ok	
loans_received_eur	2023-rugsejo-3-seimo-raseiniai-kedainiai	100.0	ok	
loans_received_eur	2023-spalio-8-kupiskio-mero	100.0	ok	
loans_received_eur	2024-ep	100.0	ok	
loans_received_eur	2024-prezidento	100.0	ok	
loans_received_eur	2024-seimo	100.0	ok	
loans_received_eur	2025-kovo-16-meru	100.0	ok	
municipality	1996-spalio-20-seimo	0.0	upstream-absent	not a municipal or mayoral election
municipality	1997-birzelio-29-svenciniu-tarybos-pakartotiniai	100.0	ok	
municipality	1997-gruodzio-21-seimo-pakartotiniai	0.0	upstream-absent	not a municipal or mayoral election
municipality	1997-kovo-23-savivaldybiu-tarybu	100.0	ok	
municipality	1997-kovo-23-seimo-pakartotiniai	0.0	upstream-absent	not a municipal or mayoral election
municipality	1998-kovo-22-seimo-pakartotiniai	0.0	upstream-absent	not a municipal or mayoral election
municipality	1998-lapkricio-15-seimo-pakartotiniai	0.0	upstream-absent	not a municipal or mayoral election
municipality	1999-kovo-21-seimo-pakartotiniai	0.0	upstream-absent	not a municipal or mayoral election
municipality	2000-kovo-19-savivaldybiu-tarybu	100.0	ok	
municipality	2000-seimo	0.0	upstream-absent	not a municipal or mayoral election
municipality	2002-gruodzio-22-savivaldybiu-tarybu	100.0	ok	
municipality	2002-prezidento	0.0	upstream-absent	not a municipal or mayoral election
municipality	2003-birzelio-15-seimo-nauji	0.0	upstream-absent	not a municipal or mayoral election
municipality	2004-ep	0.0	upstream-absent	not a municipal or mayoral election
municipality	2004-prezidento	0.0	upstream-absent	not a municipal or mayoral election
municipality	2004-seimo	0.0	upstream-absent	not a municipal or mayoral election
municipality	2005-lapkricio-20-seimo-kedainiai	0.0	upstream-absent	not a municipal or mayoral election
municipality	2007-spalio-7-seimo-dzukija	0.0	upstream-absent	not a municipal or mayoral election
municipality	2007-vasario-25-savivaldybiu	100.0	ok	
municipality	2008-seimo	0.0	upstream-absent	not a municipal or mayoral election
municipality	2009-ep	0.0	upstream-absent	not a municipal or mayoral election
municipality	2009-lapkricio-15-seimo-silale-silute-vilnius-salcininkai	0.0	upstream-absent	not a municipal or mayoral election
municipality	2009-prezidento	0.0	upstream-absent	not a municipal or mayoral election
municipality	2011-vasario-13-seimo-marijampole	0.0	upstream-absent	not a municipal or mayoral election
municipality	2011-vasario-27-savivaldybiu	100.0	ok	
municipality	2012-seimo	0.0	upstream-absent	not a municipal or mayoral election
municipality	2013-kovo-3-seimo-birzai-zarasai-ukmerge	0.0	upstream-absent	not a municipal or mayoral election
municipality	2014-ep	0.0	upstream-absent	not a municipal or mayoral election
municipality	2014-prezidento	0.0	upstream-absent	not a municipal or mayoral election
municipality	2015-birzelio-21-pakartotiniai-silutes	100.0	ok	
municipality	2015-birzelio-7-pakartotiniai-sirvintos-trakai	100.0	ok	
municipality	2015-birzelio-7-seimo-varena-eisiskes	0.0	upstream-absent	not a municipal or mayoral election
municipality	2015-kovo-1-savivaldybiu	100.0	ok	
municipality	2015-kovo-1-seimo-zirmunai	0.0	upstream-absent	not a municipal or mayoral election
municipality	2015-lapkricio-8-telsiu-mero	100.0	ok	
municipality	2016-seimo	0.0	upstream-absent	not a municipal or mayoral election
municipality	2017-balandzio-23-meru	100.0	ok	
municipality	2017-balandzio-23-seimo-anyksciai-panevezys	0.0	upstream-absent	not a municipal or mayoral election
municipality	2017-rugsejo-10-marijampoles-mero	100.0	ok	
municipality	2018-rugsejo-16-seimo-zanavykai	0.0	upstream-absent	not a municipal or mayoral election
municipality	2019-ep	0.0	upstream-absent	not a municipal or mayoral election
municipality	2019-kovo-3-savivaldybiu-tarybu	100.0	ok	
municipality	2019-prezidento	0.0	upstream-absent	not a municipal or mayoral election
municipality	2019-rugsejo-8-seimo	0.0	upstream-absent	not a municipal or mayoral election
municipality	2020-seimo	0.0	upstream-absent	not a municipal or mayoral election
municipality	2021-balandzio-11-radviliskio-mero	100.0	ok	
municipality	2021-spalio-10-meru	100.0	ok	
municipality	2023-geguzes-7-visagino-mero	100.0	ok	
municipality	2023-kovo-5-savivaldybiu-tarybu-ir-meru	100.0	ok	
municipality	2023-rugsejo-3-seimo-raseiniai-kedainiai	0.0	upstream-absent	not a municipal or mayoral election
municipality	2023-spalio-8-kupiskio-mero	100.0	ok	
municipality	2024-ep	0.0	upstream-absent	not a municipal or mayoral election
municipality	2024-prezidento	0.0	upstream-absent	not a municipal or mayoral election
municipality	2024-seimo	0.0	upstream-absent	not a municipal or mayoral election
municipality	2025-kovo-16-meru	100.0	ok	
nomination_kind	1996-spalio-20-seimo	100.0	ok	
nomination_kind	1997-birzelio-29-svenciniu-tarybos-pakartotiniai	100.0	ok	
nomination_kind	1997-gruodzio-21-seimo-pakartotiniai	100.0	ok	
nomination_kind	1997-kovo-23-savivaldybiu-tarybu	100.0	ok	
nomination_kind	1997-kovo-23-seimo-pakartotiniai	100.0	ok	
nomination_kind	1998-kovo-22-seimo-pakartotiniai	100.0	ok	
nomination_kind	1998-lapkricio-15-seimo-pakartotiniai	100.0	ok	
nomination_kind	1999-kovo-21-seimo-pakartotiniai	100.0	ok	
nomination_kind	2000-kovo-19-savivaldybiu-tarybu	100.0	ok	
nomination_kind	2000-seimo	100.0	ok	
nomination_kind	2002-gruodzio-22-savivaldybiu-tarybu	100.0	ok	
nomination_kind	2002-prezidento	0.0	upstream-absent	presidential candidates self-nominate; the pages name no nominator
nomination_kind	2003-birzelio-15-seimo-nauji	100.0	ok	
nomination_kind	2004-ep	100.0	ok	
nomination_kind	2004-prezidento	0.0	upstream-absent	presidential candidates self-nominate; the pages name no nominator
nomination_kind	2004-seimo	100.0	ok	
nomination_kind	2005-lapkricio-20-seimo-kedainiai	100.0	ok	
nomination_kind	2007-spalio-7-seimo-dzukija	100.0	ok	
nomination_kind	2007-vasario-25-savivaldybiu	100.0	ok	
nomination_kind	2008-seimo	100.0	ok	
nomination_kind	2009-ep	100.0	ok	
nomination_kind	2009-lapkricio-15-seimo-silale-silute-vilnius-salcininkai	100.0	ok	
nomination_kind	2009-prezidento	0.0	upstream-absent	presidential candidates self-nominate; the pages name no nominator
nomination_kind	2011-vasario-13-seimo-marijampole	100.0	ok	
nomination_kind	2011-vasario-27-savivaldybiu	100.0	ok	
nomination_kind	2012-seimo	100.0	ok	
nomination_kind	2013-kovo-3-seimo-birzai-zarasai-ukmerge	100.0	ok	
nomination_kind	2014-ep	100.0	ok	
nomination_kind	2014-prezidento	0.0	upstream-absent	presidential candidates self-nominate; the pages name no nominator
nomination_kind	2015-birzelio-21-pakartotiniai-silutes	100.0	ok	
nomination_kind	2015-birzelio-7-pakartotiniai-sirvintos-trakai	100.0	ok	
nomination_kind	2015-birzelio-7-seimo-varena-eisiskes	100.0	ok	
nomination_kind	2015-kovo-1-savivaldybiu	100.0	ok	
nomination_kind	2015-kovo-1-seimo-zirmunai	100.0	ok	
nomination_kind	2015-lapkricio-8-telsiu-mero	100.0	ok	
nomination_kind	2016-seimo	100.0	ok	
nomination_kind	2017-balandzio-23-meru	100.0	ok	
nomination_kind	2017-balandzio-23-seimo-anyksciai-panevezys	100.0	ok	
nomination_kind	2017-rugsejo-10-marijampoles-mero	100.0	ok	
nomination_kind	2018-rugsejo-16-seimo-zanavykai	100.0	ok	
nomination_kind	2019-ep	100.0	ok	
nomination_kind	2019-kovo-3-savivaldybiu-tarybu	100.0	ok	
nomination_kind	2019-prezidento	0.0	upstream-absent	presidential candidates self-nominate; the pages name no nominator
nomination_kind	2019-rugsejo-8-seimo	100.0	ok	
nomination_kind	2020-seimo	100.0	ok	
nomination_kind	2021-balandzio-11-radviliskio-mero	100.0	ok	
nomination_kind	2021-spalio-10-meru	100.0	ok	
nomination_kind	2023-geguzes-7-visagino-mero	100.0	ok	
nomination_kind	2023-kovo-5-savivaldybiu-tarybu-ir-meru	100.0	ok	
nomination_kind	2023-rugsejo-3-seimo-raseiniai-kedainiai	100.0	ok	
nomination_kind	2023-spalio-8-kupiskio-mero	100.0	ok	
nomination_kind	2024-ep	100.0	ok	
nomination_kind	2024-prezidento	100.0	ok	
nomination_kind	2024-seimo	100.0	ok	
nomination_kind	2025-kovo-16-meru	100.0	ok	
party_id	1996-spalio-20-seimo	100.0	ok	
party_id	1997-birzelio-29-svenciniu-tarybos-pakartotiniai	100.0	ok	
party_id	1997-gruodzio-21-seimo-pakartotiniai	100.0	ok	
party_id	1997-kovo-23-savivaldybiu-tarybu	100.0	ok	
party_id	1997-kovo-23-seimo-pakartotiniai	100.0	ok	
party_id	1998-kovo-22-seimo-pakartotiniai	100.0	ok	
party_id	1998-lapkricio-15-seimo-pakartotiniai	100.0	ok	
party_id	1999-kovo-21-seimo-pakartotiniai	100.0	ok	
party_id	2000-kovo-19-savivaldybiu-tarybu	100.0	ok	
party_id	2000-seimo	100.0	ok	
party_id	2002-gruodzio-22-savivaldybiu-tarybu	100.0	ok	
party_id	2002-prezidento	0.0	upstream-absent	presidential candidates self-nominate; the pages name no nominator
party_id	2003-birzelio-15-seimo-nauji	100.0	ok	
party_id	2004-ep	100.0	ok	
party_id	2004-prezidento	0.0	upstream-absent	presidential candidates self-nominate; the pages name no nominator
party_id	2004-seimo	100.0	ok	
party_id	2005-lapkricio-20-seimo-kedainiai	100.0	ok	
party_id	2007-spalio-7-seimo-dzukija	100.0	ok	
party_id	2007-vasario-25-savivaldybiu	100.0	ok	
party_id	2008-seimo	100.0	ok	
party_id	2009-ep	100.0	ok	
party_id	2009-lapkricio-15-seimo-silale-silute-vilnius-salcininkai	100.0	ok	
party_id	2009-prezidento	0.0	upstream-absent	presidential candidates self-nominate; the pages name no nominator
party_id	2011-vasario-13-seimo-marijampole	100.0	ok	
party_id	2011-vasario-27-savivaldybiu	100.0	ok	
party_id	2012-seimo	100.0	ok	
party_id	2013-kovo-3-seimo-birzai-zarasai-ukmerge	100.0	ok	
party_id	2014-ep	100.0	ok	
party_id	2014-prezidento	0.0	upstream-absent	presidential candidates self-nominate; the pages name no nominator
party_id	2015-birzelio-21-pakartotiniai-silutes	100.0	ok	
party_id	2015-birzelio-7-pakartotiniai-sirvintos-trakai	100.0	ok	
party_id	2015-birzelio-7-seimo-varena-eisiskes	100.0	ok	
party_id	2015-kovo-1-savivaldybiu	100.0	ok	
party_id	2015-kovo-1-seimo-zirmunai	100.0	ok	
party_id	2015-lapkricio-8-telsiu-mero	100.0	ok	
party_id	2016-seimo	100.0	ok	
party_id	2017-balandzio-23-meru	100.0	ok	
party_id	2017-balandzio-23-seimo-anyksciai-panevezys	100.0	ok	
party_id	2017-rugsejo-10-marijampoles-mero	100.0	ok	
party_id	2018-rugsejo-16-seimo-zanavykai	100.0	ok	
party_id	2019-ep	100.0	ok	
party_id	2019-kovo-3-savivaldybiu-tarybu	100.0	ok	
party_id	2019-prezidento	0.0	upstream-absent	presidential candidates self-nominate; the pages name no nominator
party_id	2019-rugsejo-8-seimo	100.0	ok	
party_id	2020-seimo	100.0	ok	
party_id	2021-balandzio-11-radviliskio-mero	100.0	ok	
party_id	2021-spalio-10-meru	100.0	ok	
party_id	2023-geguzes-7-visagino-mero	100.0	ok	
party_id	2023-kovo-5-savivaldybiu-tarybu-ir-meru	100.0	ok	
party_id	2023-rugsejo-3-seimo-raseiniai-kedainiai	100.0	ok	
party_id	2023-spalio-8-kupiskio-mero	100.0	ok	
party_id	2024-ep	100.0	ok	
party_id	2024-prezidento	100.0	ok	
party_id	2024-seimo	100.0	ok	
party_id	2025-kovo-16-meru	100.0	ok	
party_name_raw	1996-spalio-20-seimo	100.0	ok	
party_name_raw	1997-birzelio-29-svenciniu-tarybos-pakartotiniai	100.0	ok	
party_name_raw	1997-gruodzio-21-seimo-pakartotiniai	100.0	ok	
party_name_raw	1997-kovo-23-savivaldybiu-tarybu	100.0	ok	
party_name_raw	1997-kovo-23-seimo-pakartotiniai	100.0	ok	
party_name_raw	1998-kovo-22-seimo-pakartotiniai	100.0	ok	
party_name_raw	1998-lapkricio-15-seimo-pakartotiniai	100.0	ok	
party_name_raw	1999-kovo-21-seimo-pakartotiniai	100.0	ok	
party_name_raw	2000-kovo-19-savivaldybiu-tarybu	100.0	ok	
party_name_raw	2000-seimo	100.0	ok	
party_name_raw	2002-gruodzio-22-savivaldybiu-tarybu	100.0	ok	
party_name_raw	2002-prezidento	0.0	upstream-absent	presidential candidates self-nominate; the pages name no nominator
party_name_raw	2003-birzelio-15-seimo-nauji	100.0	ok	
party_name_raw	2004-ep	100.0	ok	
party_name_raw	2004-prezidento	0.0	upstream-absent	presidential candidates self-nominate; the pages name no nominator
party_name_raw	2004-seimo	100.0	ok	
party_name_raw	2005-lapkricio-20-seimo-kedainiai	100.0	ok	
party_name_raw	2007-spalio-7-seimo-dzukija	100.0	ok	
party_name_raw	2007-vasario-25-savivaldybiu	100.0	ok	
party_name_raw	2008-seimo	100.0	ok	
party_name_raw	2009-ep	100.0	ok	
party_name_raw	2009-lapkricio-15-seimo-silale-silute-vilnius-salcininkai	100.0	ok	
party_name_raw	2009-prezidento	0.0	upstream-absent	presidential candidates self-nominate; the pages name no nominator
party_name_raw	2011-vasario-13-seimo-marijampole	100.0	ok	
party_name_raw	2011-vasario-27-savivaldybiu	100.0	ok	
party_name_raw	2012-seimo	100.0	ok	
party_name_raw	2013-kovo-3-seimo-birzai-zarasai-ukmerge	100.0	ok	
party_name_raw	2014-ep	100.0	ok	
party_name_raw	2014-prezidento	0.0	upstream-absent	presidential candidates self-nominate; the pages name no nominator
party_name_raw	2015-birzelio-21-pakartotiniai-silutes	100.0	ok	
party_name_raw	2015-birzelio-7-pakartotiniai-sirvintos-trakai	100.0	ok	
party_name_raw	2015-birzelio-7-seimo-varena-eisiskes	100.0	ok	
party_name_raw	2015-kovo-1-savivaldybiu	100.0	ok	
party_name_raw	2015-kovo-1-seimo-zirmunai	100.0	ok	
party_name_raw	2015-lapkricio-8-telsiu-mero	100.0	ok	
party_name_raw	2016-seimo	100.0	ok	
party_name_raw	2017-balandzio-23-meru	100.0	ok	
party_name_raw	2017-balandzio-23-seimo-anyksciai-panevezys	100.0	ok	
party_name_raw	2017-rugsejo-10-marijampoles-mero	100.0	ok	
party_name_raw	2018-rugsejo-16-seimo-zanavykai	100.0	ok	
party_name_raw	2019-ep	100.0	ok	
party_name_raw	2019-kovo-3-savivaldybiu-tarybu	100.0	ok	
party_name_raw	2019-prezidento	0.0	upstream-absent	presidential candidates self-nominate; the pages name no nominator
party_name_raw	2019-rugsejo-8-seimo	100.0	ok	
party_name_raw	2020-seimo	100.0	ok	
party_name_raw	2021-balandzio-11-radviliskio-mero	100.0	ok	
party_name_raw	2021-spalio-10-meru	100.0	ok	
party_name_raw	2023-geguzes-7-visagino-mero	100.0	ok	
party_name_raw	2023-kovo-5-savivaldybiu-tarybu-ir-meru	100.0	ok	
party_name_raw	2023-rugsejo-3-seimo-raseiniai-kedainiai	100.0	ok	
party_name_raw	2023-spalio-8-kupiskio-mero	100.0	ok	
party_name_raw	2024-ep	100.0	ok	
party_name_raw	2024-prezidento	100.0	ok	
party_name_raw	2024-seimo	100.0	ok	
party_name_raw	2025-kovo-16-meru	100.0	ok	
person_id	1996-spalio-20-seimo	100.0	ok	
person_id	1997-birzelio-29-svenciniu-tarybos-pakartotiniai	100.0	ok	
person_id	1997-gruodzio-21-seimo-pakartotiniai	100.0	ok	
person_id	1997-kovo-23-savivaldybiu-tarybu	100.0	ok	
person_id	1997-kovo-23-seimo-pakartotiniai	100.0	ok	
person_id	1998-kovo-22-seimo-pakartotiniai	100.0	ok	
person_id	1998-lapkricio-15-seimo-pakartotiniai	100.0	ok	
person_id	1999-kovo-21-seimo-pakartotiniai	100.0	ok	
person_id	2000-kovo-19-savivaldybiu-tarybu	100.0	ok	
person_id	2000-seimo	100.0	ok	
person_id	2002-gruodzio-22-savivaldybiu-tarybu	100.0	ok	
person_id	2002-prezidento	100.0	ok	
person_id	2003-birzelio-15-seimo-nauji	100.0	ok	
person_id	2004-ep	100.0	ok	
person_id	2004-prezidento	100.0	ok	
person_id	2004-seimo	100.0	ok	
person_id	2005-lapkricio-20-seimo-kedainiai	100.0	ok	
person_id	2007-spalio-7-seimo-dzukija	100.0	ok	
person_id	2007-vasario-25-savivaldybiu	100.0	ok	
person_id	2008-seimo	100.0	ok	
person_id	2009-ep	100.0	ok	
person_id	2009-lapkricio-15-seimo-silale-silute-vilnius-salcininkai	100.0	ok	
person_id	2009-prezidento	100.0	ok	
person_id	2011-vasario-13-seimo-marijampole	100.0	ok	
person_id	2011-vasario-27-savivaldybiu	100.0	ok	
person_id	2012-seimo	100.0	ok	
person_id	2013-kovo-3-seimo-birzai-zarasai-ukmerge	100.0	ok	
person_id	2014-ep	100.0	ok	
person_id	2014-prezidento	100.0	ok	
person_id	2015-birzelio-21-pakartotiniai-silutes	100.0	ok	
person_id	2015-birzelio-7-pakartotiniai-sirvintos-trakai	100.0	ok	
person_id	2015-birzelio-7-seimo-varena-eisiskes	100.0	ok	
person_id	2015-kovo-1-savivaldybiu	100.0	ok	
person_id	2015-kovo-1-seimo-zirmunai	100.0	ok	
person_id	2015-lapkricio-8-telsiu-mero	100.0	ok	
person_id	2016-seimo	100.0	ok	
person_id	2017-balandzio-23-meru	100.0	ok	
person_id	2017-balandzio-23-seimo-anyksciai-panevezys	100.0	ok	
person_id	2017-rugsejo-10-marijampoles-mero	100.0	ok	
person_id	2018-rugsejo-16-seimo-zanavykai	100.0	ok	
person_id	2019-ep	100.0	ok	
person_id	2019-kovo-3-savivaldybiu-tarybu	100.0	ok	
person_id	2019-prezidento	100.0	ok	
person_id	2019-rugsejo-8-seimo	100.0	ok	
person_id	2020-seimo	100.0	ok	
person_id	2021-balandzio-11-radviliskio-mero	100.0	ok	
person_id	2021-spalio-10-meru	100.0	ok	
person_id	2023-geguzes-7-visagino-mero	100.0	ok	
person_id	2023-kovo-5-savivaldybiu-tarybu-ir-meru	100.0	ok	
person_id	2023-rugsejo-3-seimo-raseiniai-kedainiai	100.0	ok	
person_id	2023-spalio-8-kupiskio-mero	100.0	ok	
person_id	2024-ep	100.0	ok	
person_id	2024-prezidento	100.0	ok	
person_id	2024-seimo	100.0	ok	
person_id	2025-kovo-16-meru	100.0	ok	
post_election_position	1996-spalio-20-seimo	75.3	ok	
post_election_position	1997-birzelio-29-svenciniu-tarybos-pakartotiniai	0.0	upstream-absent	VRK publishes no post-election list ranking for this election
post_election_position	1997-gruodzio-21-seimo-pakartotiniai	0.0	upstream-absent	a single-mandate Seimas by-election; no party list on the ballot
post_election_position	1997-kovo-23-savivaldybiu-tarybu	0.0	upstream-absent	VRK publishes no post-election list ranking for this election
post_election_position	1997-kovo-23-seimo-pakartotiniai	0.0	upstream-absent	a single-mandate Seimas by-election; no party list on the ballot
post_election_position	1998-kovo-22-seimo-pakartotiniai	0.0	upstream-absent	a single-mandate Seimas by-election; no party list on the ballot
post_election_position	1998-lapkricio-15-seimo-pakartotiniai	0.0	upstream-absent	a single-mandate Seimas by-election; no party list on the ballot
post_election_position	1999-kovo-21-seimo-pakartotiniai	0.0	upstream-absent	a single-mandate Seimas by-election; no party list on the ballot
post_election_position	2000-kovo-19-savivaldybiu-tarybu	91.8	ok	
post_election_position	2000-seimo	90.6	ok	
post_election_position	2002-gruodzio-22-savivaldybiu-tarybu	100.0	ok	
post_election_position	2002-prezidento	0.0	upstream-absent	presidential candidates stand on no list
post_election_position	2003-birzelio-15-seimo-nauji	0.0	upstream-absent	a single-mandate Seimas by-election; no party list on the ballot
post_election_position	2004-ep	100.0	ok	
post_election_position	2004-prezidento	0.0	upstream-absent	presidential candidates stand on no list
post_election_position	2004-seimo	94.6	ok	
post_election_position	2005-lapkricio-20-seimo-kedainiai	0.0	upstream-absent	a single-mandate Seimas by-election; no party list on the ballot
post_election_position	2007-spalio-7-seimo-dzukija	0.0	upstream-absent	a single-mandate Seimas by-election; no party list on the ballot
post_election_position	2007-vasario-25-savivaldybiu	0.0	upstream-absent	VRK publishes no post-election list ranking for this election
post_election_position	2008-seimo	0.0	upstream-absent	VRK publishes no post-election list ranking for this election
post_election_position	2009-ep	0.0	upstream-absent	VRK publishes no post-election list ranking for this election
post_election_position	2009-lapkricio-15-seimo-silale-silute-vilnius-salcininkai	0.0	upstream-absent	a single-mandate Seimas by-election; no party list on the ballot
post_election_position	2009-prezidento	0.0	upstream-absent	presidential candidates stand on no list
post_election_position	2011-vasario-13-seimo-marijampole	0.0	upstream-absent	a single-mandate Seimas by-election; no party list on the ballot
post_election_position	2011-vasario-27-savivaldybiu	0.0	upstream-absent	VRK publishes no post-election list ranking for this election
post_election_position	2012-seimo	0.0	upstream-absent	VRK publishes no post-election list ranking for this election
post_election_position	2013-kovo-3-seimo-birzai-zarasai-ukmerge	0.0	upstream-absent	a single-mandate Seimas by-election; no party list on the ballot
post_election_position	2014-ep	0.0	upstream-absent	VRK publishes no post-election list ranking for this election
post_election_position	2014-prezidento	0.0	upstream-absent	presidential candidates stand on no list
post_election_position	2015-birzelio-21-pakartotiniai-silutes	0.0	upstream-absent	VRK publishes no post-election list ranking for this election
post_election_position	2015-birzelio-7-pakartotiniai-sirvintos-trakai	0.0	upstream-absent	VRK publishes no post-election list ranking for this election
post_election_position	2015-birzelio-7-seimo-varena-eisiskes	0.0	upstream-absent	a single-mandate Seimas by-election; no party list on the ballot
post_election_position	2015-kovo-1-savivaldybiu	0.0	upstream-absent	VRK publishes no post-election list ranking for this election
post_election_position	2015-kovo-1-seimo-zirmunai	0.0	upstream-absent	a single-mandate Seimas by-election; no party list on the ballot
post_election_position	2015-lapkricio-8-telsiu-mero	0.0	upstream-absent	VRK publishes no post-election list ranking for this election
post_election_position	2016-seimo	98.0	ok	
post_election_position	2017-balandzio-23-meru	0.0	upstream-absent	VRK publishes no post-election list ranking for this election
post_election_position	2017-balandzio-23-seimo-anyksciai-panevezys	0.0	upstream-absent	a single-mandate Seimas by-election; no party list on the ballot
post_election_position	2017-rugsejo-10-marijampoles-mero	0.0	upstream-absent	VRK publishes no post-election list ranking for this election
post_election_position	2018-rugsejo-16-seimo-zanavykai	0.0	upstream-absent	a single-mandate Seimas by-election; no party list on the ballot
post_election_position	2019-ep	100.0	ok	
post_election_position	2019-kovo-3-savivaldybiu-tarybu	99.8	ok	
post_election_position	2019-prezidento	0.0	upstream-absent	presidential candidates stand on no list
post_election_position	2019-rugsejo-8-seimo	0.0	upstream-absent	a single-mandate Seimas by-election; no party list on the ballot
post_election_position	2020-seimo	98.3	ok	
post_election_position	2021-balandzio-11-radviliskio-mero	0.0	upstream-absent	VRK publishes no post-election list ranking for this election
post_election_position	2021-spalio-10-meru	0.0	upstream-absent	VRK publishes no post-election list ranking for this election
post_election_position	2023-geguzes-7-visagino-mero	0.0	upstream-absent	VRK publishes no post-election list ranking for this election
post_election_position	2023-kovo-5-savivaldybiu-tarybu-ir-meru	99.8	ok	
post_election_position	2023-rugsejo-3-seimo-raseiniai-kedainiai	0.0	upstream-absent	a single-mandate Seimas by-election; no party list on the ballot
post_election_position	2023-spalio-8-kupiskio-mero	0.0	upstream-absent	VRK publishes no post-election list ranking for this election
post_election_position	2024-ep	100.0	ok	
post_election_position	2024-prezidento	0.0	upstream-absent	presidential candidates stand on no list
post_election_position	2024-seimo	98.9	ok	
post_election_position	2025-kovo-16-meru	0.0	upstream-absent	VRK publishes no post-election list ranking for this election
role	1996-spalio-20-seimo	100.0	ok	
role	1997-birzelio-29-svenciniu-tarybos-pakartotiniai	100.0	ok	
role	1997-gruodzio-21-seimo-pakartotiniai	100.0	ok	
role	1997-kovo-23-savivaldybiu-tarybu	100.0	ok	
role	1997-kovo-23-seimo-pakartotiniai	100.0	ok	
role	1998-kovo-22-seimo-pakartotiniai	100.0	ok	
role	1998-lapkricio-15-seimo-pakartotiniai	100.0	ok	
role	1999-kovo-21-seimo-pakartotiniai	100.0	ok	
role	2000-kovo-19-savivaldybiu-tarybu	100.0	ok	
role	2000-seimo	100.0	ok	
role	2002-gruodzio-22-savivaldybiu-tarybu	100.0	ok	
role	2002-prezidento	100.0	ok	
role	2003-birzelio-15-seimo-nauji	100.0	ok	
role	2004-ep	100.0	ok	
role	2004-prezidento	100.0	ok	
role	2004-seimo	100.0	ok	
role	2005-lapkricio-20-seimo-kedainiai	100.0	ok	
role	2007-spalio-7-seimo-dzukija	100.0	ok	
role	2007-vasario-25-savivaldybiu	100.0	ok	
role	2008-seimo	100.0	ok	
role	2009-ep	100.0	ok	
role	2009-lapkricio-15-seimo-silale-silute-vilnius-salcininkai	100.0	ok	
role	2009-prezidento	100.0	ok	
role	2011-vasario-13-seimo-marijampole	100.0	ok	
role	2011-vasario-27-savivaldybiu	100.0	ok	
role	2012-seimo	100.0	ok	
role	2013-kovo-3-seimo-birzai-zarasai-ukmerge	100.0	ok	
role	2014-ep	100.0	ok	
role	2014-prezidento	100.0	ok	
role	2015-birzelio-21-pakartotiniai-silutes	100.0	ok	
role	2015-birzelio-7-pakartotiniai-sirvintos-trakai	100.0	ok	
role	2015-birzelio-7-seimo-varena-eisiskes	100.0	ok	
role	2015-kovo-1-savivaldybiu	100.0	ok	
role	2015-kovo-1-seimo-zirmunai	100.0	ok	
role	2015-lapkricio-8-telsiu-mero	100.0	ok	
role	2016-seimo	100.0	ok	
role	2017-balandzio-23-meru	100.0	ok	
role	2017-balandzio-23-seimo-anyksciai-panevezys	100.0	ok	
role	2017-rugsejo-10-marijampoles-mero	100.0	ok	
role	2018-rugsejo-16-seimo-zanavykai	100.0	ok	
role	2019-ep	100.0	ok	
role	2019-kovo-3-savivaldybiu-tarybu	100.0	ok	
role	2019-prezidento	100.0	ok	
role	2019-rugsejo-8-seimo	100.0	ok	
role	2020-seimo	100.0	ok	
role	2021-balandzio-11-radviliskio-mero	100.0	ok	
role	2021-spalio-10-meru	100.0	ok	
role	2023-geguzes-7-visagino-mero	100.0	ok	
role	2023-kovo-5-savivaldybiu-tarybu-ir-meru	100.0	ok	
role	2023-rugsejo-3-seimo-raseiniai-kedainiai	100.0	ok	
role	2023-spalio-8-kupiskio-mero	100.0	ok	
role	2024-ep	100.0	ok	
role	2024-prezidento	100.0	ok	
role	2024-seimo	100.0	ok	
role	2025-kovo-16-meru	100.0	ok	
securities_eur	1996-spalio-20-seimo	0.0	upstream-absent	the 1996-2000 form folds these into its combined rows
securities_eur	1997-birzelio-29-svenciniu-tarybos-pakartotiniai	0.0	upstream-absent	the 1996-2000 form folds these into its combined rows
securities_eur	1997-gruodzio-21-seimo-pakartotiniai	0.0	upstream-absent	the 1996-2000 form folds these into its combined rows
securities_eur	1997-kovo-23-savivaldybiu-tarybu	0.0	upstream-absent	the 1996-2000 form folds these into its combined rows
securities_eur	1997-kovo-23-seimo-pakartotiniai	0.0	upstream-absent	the 1996-2000 form folds these into its combined rows
securities_eur	1998-kovo-22-seimo-pakartotiniai	0.0	upstream-absent	the 1996-2000 form folds these into its combined rows
securities_eur	1998-lapkricio-15-seimo-pakartotiniai	0.0	upstream-absent	the 1996-2000 form folds these into its combined rows
securities_eur	1999-kovo-21-seimo-pakartotiniai	0.0	upstream-absent	the 1996-2000 form folds these into its combined rows
securities_eur	2000-kovo-19-savivaldybiu-tarybu	0.0	upstream-absent	the 1996-2000 form folds these into its combined rows
securities_eur	2000-seimo	0.0	upstream-absent	the 1996-2000 form folds these into its combined rows
securities_eur	2002-gruodzio-22-savivaldybiu-tarybu	0.0	upstream-absent	the 2002 form prints property and securities as one combined row (assets_total_eur, measure turtas-plius-vp)
securities_eur	2002-prezidento	0.0	upstream-absent	declarations published only as archive scans (declaration_status: archyvo-skenai)
securities_eur	2003-birzelio-15-seimo-nauji	0.0	upstream-absent	the row is printed and holds „-“ on all 27 records
securities_eur	2004-ep	41.1	ok	
securities_eur	2004-prezidento	80.0	ok	
securities_eur	2004-seimo	54.4	ok	
securities_eur	2005-lapkricio-20-seimo-kedainiai	40.0	ok	
securities_eur	2007-spalio-7-seimo-dzukija	100.0	ok	
securities_eur	2007-vasario-25-savivaldybiu	99.4	ok	
securities_eur	2008-seimo	100.0	ok	
securities_eur	2009-ep	100.0	ok	
securities_eur	2009-lapkricio-15-seimo-silale-silute-vilnius-salcininkai	100.0	ok	
securities_eur	2009-prezidento	100.0	ok	
securities_eur	2011-vasario-13-seimo-marijampole	100.0	ok	
securities_eur	2011-vasario-27-savivaldybiu	100.0	ok	
securities_eur	2012-seimo	100.0	ok	
securities_eur	2013-kovo-3-seimo-birzai-zarasai-ukmerge	100.0	ok	
securities_eur	2014-ep	100.0	ok	
securities_eur	2014-prezidento	100.0	ok	
securities_eur	2015-birzelio-21-pakartotiniai-silutes	100.0	ok	
securities_eur	2015-birzelio-7-pakartotiniai-sirvintos-trakai	99.7	ok	
securities_eur	2015-birzelio-7-seimo-varena-eisiskes	100.0	ok	
securities_eur	2015-kovo-1-savivaldybiu	100.0	ok	
securities_eur	2015-kovo-1-seimo-zirmunai	100.0	ok	
securities_eur	2015-lapkricio-8-telsiu-mero	100.0	ok	
securities_eur	2016-seimo	99.8	ok	
securities_eur	2017-balandzio-23-meru	100.0	ok	
securities_eur	2017-balandzio-23-seimo-anyksciai-panevezys	100.0	ok	
securities_eur	2017-rugsejo-10-marijampoles-mero	100.0	ok	
securities_eur	2018-rugsejo-16-seimo-zanavykai	100.0	ok	
securities_eur	2019-ep	100.0	ok	
securities_eur	2019-kovo-3-savivaldybiu-tarybu	100.0	ok	
securities_eur	2019-prezidento	100.0	ok	
securities_eur	2019-rugsejo-8-seimo	100.0	ok	
securities_eur	2020-seimo	99.9	ok	
securities_eur	2021-balandzio-11-radviliskio-mero	100.0	ok	
securities_eur	2021-spalio-10-meru	100.0	ok	
securities_eur	2023-geguzes-7-visagino-mero	100.0	ok	
securities_eur	2023-kovo-5-savivaldybiu-tarybu-ir-meru	100.0	ok	
securities_eur	2023-rugsejo-3-seimo-raseiniai-kedainiai	100.0	ok	
securities_eur	2023-spalio-8-kupiskio-mero	100.0	ok	
securities_eur	2024-ep	100.0	ok	
securities_eur	2024-prezidento	100.0	ok	
securities_eur	2024-seimo	100.0	ok	
securities_eur	2025-kovo-16-meru	100.0	ok	
self_employment_deductions_eur	1996-spalio-20-seimo	0.0	upstream-absent	rows added by the 2018 GPM308/GPM311 rewording; earlier forms never print them
self_employment_deductions_eur	1997-birzelio-29-svenciniu-tarybos-pakartotiniai	0.0	upstream-absent	rows added by the 2018 GPM308/GPM311 rewording; earlier forms never print them
self_employment_deductions_eur	1997-gruodzio-21-seimo-pakartotiniai	0.0	upstream-absent	rows added by the 2018 GPM308/GPM311 rewording; earlier forms never print them
self_employment_deductions_eur	1997-kovo-23-savivaldybiu-tarybu	0.0	upstream-absent	rows added by the 2018 GPM308/GPM311 rewording; earlier forms never print them
self_employment_deductions_eur	1997-kovo-23-seimo-pakartotiniai	0.0	upstream-absent	rows added by the 2018 GPM308/GPM311 rewording; earlier forms never print them
self_employment_deductions_eur	1998-kovo-22-seimo-pakartotiniai	0.0	upstream-absent	rows added by the 2018 GPM308/GPM311 rewording; earlier forms never print them
self_employment_deductions_eur	1998-lapkricio-15-seimo-pakartotiniai	0.0	upstream-absent	rows added by the 2018 GPM308/GPM311 rewording; earlier forms never print them
self_employment_deductions_eur	1999-kovo-21-seimo-pakartotiniai	0.0	upstream-absent	rows added by the 2018 GPM308/GPM311 rewording; earlier forms never print them
self_employment_deductions_eur	2000-kovo-19-savivaldybiu-tarybu	0.0	upstream-absent	rows added by the 2018 GPM308/GPM311 rewording; earlier forms never print them
self_employment_deductions_eur	2000-seimo	0.0	upstream-absent	rows added by the 2018 GPM308/GPM311 rewording; earlier forms never print them
self_employment_deductions_eur	2002-gruodzio-22-savivaldybiu-tarybu	0.0	upstream-absent	rows added by the 2018 GPM308/GPM311 rewording; earlier forms never print them
self_employment_deductions_eur	2002-prezidento	0.0	upstream-absent	declarations published only as archive scans (declaration_status: archyvo-skenai)
self_employment_deductions_eur	2003-birzelio-15-seimo-nauji	0.0	upstream-absent	rows added by the 2018 GPM308/GPM311 rewording; earlier forms never print them
self_employment_deductions_eur	2004-ep	0.0	upstream-absent	rows added by the 2018 GPM308/GPM311 rewording; earlier forms never print them
self_employment_deductions_eur	2004-prezidento	0.0	upstream-absent	rows added by the 2018 GPM308/GPM311 rewording; earlier forms never print them
self_employment_deductions_eur	2004-seimo	0.0	upstream-absent	rows added by the 2018 GPM308/GPM311 rewording; earlier forms never print them
self_employment_deductions_eur	2005-lapkricio-20-seimo-kedainiai	0.0	upstream-absent	rows added by the 2018 GPM308/GPM311 rewording; earlier forms never print them
self_employment_deductions_eur	2007-spalio-7-seimo-dzukija	0.0	upstream-absent	rows added by the 2018 GPM308/GPM311 rewording; earlier forms never print them
self_employment_deductions_eur	2007-vasario-25-savivaldybiu	0.0	upstream-absent	rows added by the 2018 GPM308/GPM311 rewording; earlier forms never print them
self_employment_deductions_eur	2008-seimo	0.0	upstream-absent	rows added by the 2018 GPM308/GPM311 rewording; earlier forms never print them
self_employment_deductions_eur	2009-ep	0.0	upstream-absent	rows added by the 2018 GPM308/GPM311 rewording; earlier forms never print them
self_employment_deductions_eur	2009-lapkricio-15-seimo-silale-silute-vilnius-salcininkai	0.0	upstream-absent	rows added by the 2018 GPM308/GPM311 rewording; earlier forms never print them
self_employment_deductions_eur	2009-prezidento	0.0	upstream-absent	rows added by the 2018 GPM308/GPM311 rewording; earlier forms never print them
self_employment_deductions_eur	2011-vasario-13-seimo-marijampole	0.0	upstream-absent	rows added by the 2018 GPM308/GPM311 rewording; earlier forms never print them
self_employment_deductions_eur	2011-vasario-27-savivaldybiu	0.0	upstream-absent	rows added by the 2018 GPM308/GPM311 rewording; earlier forms never print them
self_employment_deductions_eur	2012-seimo	0.0	upstream-absent	rows added by the 2018 GPM308/GPM311 rewording; earlier forms never print them
self_employment_deductions_eur	2013-kovo-3-seimo-birzai-zarasai-ukmerge	0.0	upstream-absent	rows added by the 2018 GPM308/GPM311 rewording; earlier forms never print them
self_employment_deductions_eur	2014-ep	0.0	upstream-absent	rows added by the 2018 GPM308/GPM311 rewording; earlier forms never print them
self_employment_deductions_eur	2014-prezidento	0.0	upstream-absent	rows added by the 2018 GPM308/GPM311 rewording; earlier forms never print them
self_employment_deductions_eur	2015-birzelio-21-pakartotiniai-silutes	0.0	upstream-absent	rows added by the 2018 GPM308/GPM311 rewording; earlier forms never print them
self_employment_deductions_eur	2015-birzelio-7-pakartotiniai-sirvintos-trakai	0.0	upstream-absent	rows added by the 2018 GPM308/GPM311 rewording; earlier forms never print them
self_employment_deductions_eur	2015-birzelio-7-seimo-varena-eisiskes	0.0	upstream-absent	rows added by the 2018 GPM308/GPM311 rewording; earlier forms never print them
self_employment_deductions_eur	2015-kovo-1-savivaldybiu	0.0	upstream-absent	rows added by the 2018 GPM308/GPM311 rewording; earlier forms never print them
self_employment_deductions_eur	2015-kovo-1-seimo-zirmunai	0.0	upstream-absent	rows added by the 2018 GPM308/GPM311 rewording; earlier forms never print them
self_employment_deductions_eur	2015-lapkricio-8-telsiu-mero	0.0	upstream-absent	rows added by the 2018 GPM308/GPM311 rewording; earlier forms never print them
self_employment_deductions_eur	2016-seimo	0.0	upstream-absent	rows added by the 2018 GPM308/GPM311 rewording; earlier forms never print them
self_employment_deductions_eur	2017-balandzio-23-meru	0.0	upstream-absent	rows added by the 2018 GPM308/GPM311 rewording; earlier forms never print them
self_employment_deductions_eur	2017-balandzio-23-seimo-anyksciai-panevezys	0.0	upstream-absent	rows added by the 2018 GPM308/GPM311 rewording; earlier forms never print them
self_employment_deductions_eur	2017-rugsejo-10-marijampoles-mero	0.0	upstream-absent	rows added by the 2018 GPM308/GPM311 rewording; earlier forms never print them
self_employment_deductions_eur	2018-rugsejo-16-seimo-zanavykai	100.0	ok	
self_employment_deductions_eur	2019-ep	100.0	ok	
self_employment_deductions_eur	2019-kovo-3-savivaldybiu-tarybu	100.0	ok	
self_employment_deductions_eur	2019-prezidento	100.0	ok	
self_employment_deductions_eur	2019-rugsejo-8-seimo	100.0	ok	
self_employment_deductions_eur	2020-seimo	99.9	ok	
self_employment_deductions_eur	2021-balandzio-11-radviliskio-mero	100.0	ok	
self_employment_deductions_eur	2021-spalio-10-meru	100.0	ok	
self_employment_deductions_eur	2023-geguzes-7-visagino-mero	100.0	ok	
self_employment_deductions_eur	2023-kovo-5-savivaldybiu-tarybu-ir-meru	100.0	ok	
self_employment_deductions_eur	2023-rugsejo-3-seimo-raseiniai-kedainiai	100.0	ok	
self_employment_deductions_eur	2023-spalio-8-kupiskio-mero	100.0	ok	
self_employment_deductions_eur	2024-ep	100.0	ok	
self_employment_deductions_eur	2024-prezidento	100.0	ok	
self_employment_deductions_eur	2024-seimo	100.0	ok	
self_employment_deductions_eur	2025-kovo-16-meru	100.0	ok	
self_employment_income_eur	1996-spalio-20-seimo	0.0	upstream-absent	rows added by the 2018 GPM308/GPM311 rewording; earlier forms never print them
self_employment_income_eur	1997-birzelio-29-svenciniu-tarybos-pakartotiniai	0.0	upstream-absent	rows added by the 2018 GPM308/GPM311 rewording; earlier forms never print them
self_employment_income_eur	1997-gruodzio-21-seimo-pakartotiniai	0.0	upstream-absent	rows added by the 2018 GPM308/GPM311 rewording; earlier forms never print them
self_employment_income_eur	1997-kovo-23-savivaldybiu-tarybu	0.0	upstream-absent	rows added by the 2018 GPM308/GPM311 rewording; earlier forms never print them
self_employment_income_eur	1997-kovo-23-seimo-pakartotiniai	0.0	upstream-absent	rows added by the 2018 GPM308/GPM311 rewording; earlier forms never print them
self_employment_income_eur	1998-kovo-22-seimo-pakartotiniai	0.0	upstream-absent	rows added by the 2018 GPM308/GPM311 rewording; earlier forms never print them
self_employment_income_eur	1998-lapkricio-15-seimo-pakartotiniai	0.0	upstream-absent	rows added by the 2018 GPM308/GPM311 rewording; earlier forms never print them
self_employment_income_eur	1999-kovo-21-seimo-pakartotiniai	0.0	upstream-absent	rows added by the 2018 GPM308/GPM311 rewording; earlier forms never print them
self_employment_income_eur	2000-kovo-19-savivaldybiu-tarybu	0.0	upstream-absent	rows added by the 2018 GPM308/GPM311 rewording; earlier forms never print them
self_employment_income_eur	2000-seimo	0.0	upstream-absent	rows added by the 2018 GPM308/GPM311 rewording; earlier forms never print them
self_employment_income_eur	2002-gruodzio-22-savivaldybiu-tarybu	0.0	upstream-absent	rows added by the 2018 GPM308/GPM311 rewording; earlier forms never print them
self_employment_income_eur	2002-prezidento	0.0	upstream-absent	declarations published only as archive scans (declaration_status: archyvo-skenai)
self_employment_income_eur	2003-birzelio-15-seimo-nauji	0.0	upstream-absent	rows added by the 2018 GPM308/GPM311 rewording; earlier forms never print them
self_employment_income_eur	2004-ep	0.0	upstream-absent	rows added by the 2018 GPM308/GPM311 rewording; earlier forms never print them
self_employment_income_eur	2004-prezidento	0.0	upstream-absent	rows added by the 2018 GPM308/GPM311 rewording; earlier forms never print them
self_employment_income_eur	2004-seimo	0.0	upstream-absent	rows added by the 2018 GPM308/GPM311 rewording; earlier forms never print them
self_employment_income_eur	2005-lapkricio-20-seimo-kedainiai	0.0	upstream-absent	rows added by the 2018 GPM308/GPM311 rewording; earlier forms never print them
self_employment_income_eur	2007-spalio-7-seimo-dzukija	0.0	upstream-absent	rows added by the 2018 GPM308/GPM311 rewording; earlier forms never print them
self_employment_income_eur	2007-vasario-25-savivaldybiu	0.0	upstream-absent	rows added by the 2018 GPM308/GPM311 rewording; earlier forms never print them
self_employment_income_eur	2008-seimo	0.0	upstream-absent	rows added by the 2018 GPM308/GPM311 rewording; earlier forms never print them
self_employment_income_eur	2009-ep	0.0	upstream-absent	rows added by the 2018 GPM308/GPM311 rewording; earlier forms never print them
self_employment_income_eur	2009-lapkricio-15-seimo-silale-silute-vilnius-salcininkai	0.0	upstream-absent	rows added by the 2018 GPM308/GPM311 rewording; earlier forms never print them
self_employment_income_eur	2009-prezidento	0.0	upstream-absent	rows added by the 2018 GPM308/GPM311 rewording; earlier forms never print them
self_employment_income_eur	2011-vasario-13-seimo-marijampole	0.0	upstream-absent	rows added by the 2018 GPM308/GPM311 rewording; earlier forms never print them
self_employment_income_eur	2011-vasario-27-savivaldybiu	0.0	upstream-absent	rows added by the 2018 GPM308/GPM311 rewording; earlier forms never print them
self_employment_income_eur	2012-seimo	0.0	upstream-absent	rows added by the 2018 GPM308/GPM311 rewording; earlier forms never print them
self_employment_income_eur	2013-kovo-3-seimo-birzai-zarasai-ukmerge	0.0	upstream-absent	rows added by the 2018 GPM308/GPM311 rewording; earlier forms never print them
self_employment_income_eur	2014-ep	0.0	upstream-absent	rows added by the 2018 GPM308/GPM311 rewording; earlier forms never print them
self_employment_income_eur	2014-prezidento	0.0	upstream-absent	rows added by the 2018 GPM308/GPM311 rewording; earlier forms never print them
self_employment_income_eur	2015-birzelio-21-pakartotiniai-silutes	0.0	upstream-absent	rows added by the 2018 GPM308/GPM311 rewording; earlier forms never print them
self_employment_income_eur	2015-birzelio-7-pakartotiniai-sirvintos-trakai	0.0	upstream-absent	rows added by the 2018 GPM308/GPM311 rewording; earlier forms never print them
self_employment_income_eur	2015-birzelio-7-seimo-varena-eisiskes	0.0	upstream-absent	rows added by the 2018 GPM308/GPM311 rewording; earlier forms never print them
self_employment_income_eur	2015-kovo-1-savivaldybiu	0.0	upstream-absent	rows added by the 2018 GPM308/GPM311 rewording; earlier forms never print them
self_employment_income_eur	2015-kovo-1-seimo-zirmunai	0.0	upstream-absent	rows added by the 2018 GPM308/GPM311 rewording; earlier forms never print them
self_employment_income_eur	2015-lapkricio-8-telsiu-mero	0.0	upstream-absent	rows added by the 2018 GPM308/GPM311 rewording; earlier forms never print them
self_employment_income_eur	2016-seimo	0.0	upstream-absent	rows added by the 2018 GPM308/GPM311 rewording; earlier forms never print them
self_employment_income_eur	2017-balandzio-23-meru	0.0	upstream-absent	rows added by the 2018 GPM308/GPM311 rewording; earlier forms never print them
self_employment_income_eur	2017-balandzio-23-seimo-anyksciai-panevezys	0.0	upstream-absent	rows added by the 2018 GPM308/GPM311 rewording; earlier forms never print them
self_employment_income_eur	2017-rugsejo-10-marijampoles-mero	0.0	upstream-absent	rows added by the 2018 GPM308/GPM311 rewording; earlier forms never print them
self_employment_income_eur	2018-rugsejo-16-seimo-zanavykai	100.0	ok	
self_employment_income_eur	2019-ep	100.0	ok	
self_employment_income_eur	2019-kovo-3-savivaldybiu-tarybu	100.0	ok	
self_employment_income_eur	2019-prezidento	100.0	ok	
self_employment_income_eur	2019-rugsejo-8-seimo	100.0	ok	
self_employment_income_eur	2020-seimo	99.9	ok	
self_employment_income_eur	2021-balandzio-11-radviliskio-mero	100.0	ok	
self_employment_income_eur	2021-spalio-10-meru	100.0	ok	
self_employment_income_eur	2023-geguzes-7-visagino-mero	100.0	ok	
self_employment_income_eur	2023-kovo-5-savivaldybiu-tarybu-ir-meru	100.0	ok	
self_employment_income_eur	2023-rugsejo-3-seimo-raseiniai-kedainiai	100.0	ok	
self_employment_income_eur	2023-spalio-8-kupiskio-mero	100.0	ok	
self_employment_income_eur	2024-ep	100.0	ok	
self_employment_income_eur	2024-prezidento	100.0	ok	
self_employment_income_eur	2024-seimo	100.0	ok	
self_employment_income_eur	2025-kovo-16-meru	100.0	ok	
source_url	1996-spalio-20-seimo	100.0	ok	
source_url	1997-birzelio-29-svenciniu-tarybos-pakartotiniai	100.0	ok	
source_url	1997-gruodzio-21-seimo-pakartotiniai	100.0	ok	
source_url	1997-kovo-23-savivaldybiu-tarybu	100.0	ok	
source_url	1997-kovo-23-seimo-pakartotiniai	100.0	ok	
source_url	1998-kovo-22-seimo-pakartotiniai	100.0	ok	
source_url	1998-lapkricio-15-seimo-pakartotiniai	100.0	ok	
source_url	1999-kovo-21-seimo-pakartotiniai	100.0	ok	
source_url	2000-kovo-19-savivaldybiu-tarybu	100.0	ok	
source_url	2000-seimo	100.0	ok	
source_url	2002-gruodzio-22-savivaldybiu-tarybu	100.0	ok	
source_url	2002-prezidento	100.0	ok	
source_url	2003-birzelio-15-seimo-nauji	100.0	ok	
source_url	2004-ep	100.0	ok	
source_url	2004-prezidento	100.0	ok	
source_url	2004-seimo	100.0	ok	
source_url	2005-lapkricio-20-seimo-kedainiai	100.0	ok	
source_url	2007-spalio-7-seimo-dzukija	100.0	ok	
source_url	2007-vasario-25-savivaldybiu	100.0	ok	
source_url	2008-seimo	100.0	ok	
source_url	2009-ep	100.0	ok	
source_url	2009-lapkricio-15-seimo-silale-silute-vilnius-salcininkai	100.0	ok	
source_url	2009-prezidento	100.0	ok	
source_url	2011-vasario-13-seimo-marijampole	100.0	ok	
source_url	2011-vasario-27-savivaldybiu	100.0	ok	
source_url	2012-seimo	100.0	ok	
source_url	2013-kovo-3-seimo-birzai-zarasai-ukmerge	100.0	ok	
source_url	2014-ep	100.0	ok	
source_url	2014-prezidento	100.0	ok	
source_url	2015-birzelio-21-pakartotiniai-silutes	100.0	ok	
source_url	2015-birzelio-7-pakartotiniai-sirvintos-trakai	100.0	ok	
source_url	2015-birzelio-7-seimo-varena-eisiskes	100.0	ok	
source_url	2015-kovo-1-savivaldybiu	100.0	ok	
source_url	2015-kovo-1-seimo-zirmunai	100.0	ok	
source_url	2015-lapkricio-8-telsiu-mero	100.0	ok	
source_url	2016-seimo	100.0	ok	
source_url	2017-balandzio-23-meru	100.0	ok	
source_url	2017-balandzio-23-seimo-anyksciai-panevezys	100.0	ok	
source_url	2017-rugsejo-10-marijampoles-mero	100.0	ok	
source_url	2018-rugsejo-16-seimo-zanavykai	100.0	ok	
source_url	2019-ep	100.0	ok	
source_url	2019-kovo-3-savivaldybiu-tarybu	100.0	ok	
source_url	2019-prezidento	100.0	ok	
source_url	2019-rugsejo-8-seimo	100.0	ok	
source_url	2020-seimo	100.0	ok	
source_url	2021-balandzio-11-radviliskio-mero	100.0	ok	
source_url	2021-spalio-10-meru	100.0	ok	
source_url	2023-geguzes-7-visagino-mero	100.0	ok	
source_url	2023-kovo-5-savivaldybiu-tarybu-ir-meru	100.0	ok	
source_url	2023-rugsejo-3-seimo-raseiniai-kedainiai	100.0	ok	
source_url	2023-spalio-8-kupiskio-mero	100.0	ok	
source_url	2024-ep	100.0	ok	
source_url	2024-prezidento	100.0	ok	
source_url	2024-seimo	100.0	ok	
source_url	2025-kovo-16-meru	100.0	ok	
tax_measure	1996-spalio-20-seimo	100.0	ok	
tax_measure	1997-birzelio-29-svenciniu-tarybos-pakartotiniai	98.2	ok	
tax_measure	1997-gruodzio-21-seimo-pakartotiniai	100.0	ok	
tax_measure	1997-kovo-23-savivaldybiu-tarybu	87.3	ok	
tax_measure	1997-kovo-23-seimo-pakartotiniai	4.3	ok	
tax_measure	1998-kovo-22-seimo-pakartotiniai	18.2	ok	
tax_measure	1998-lapkricio-15-seimo-pakartotiniai	100.0	ok	
tax_measure	1999-kovo-21-seimo-pakartotiniai	100.0	ok	
tax_measure	2000-kovo-19-savivaldybiu-tarybu	100.0	ok	
tax_measure	2000-seimo	100.0	ok	
tax_measure	2002-gruodzio-22-savivaldybiu-tarybu	100.0	ok	
tax_measure	2002-prezidento	0.0	upstream-absent	declarations published only as archive scans
tax_measure	2003-birzelio-15-seimo-nauji	100.0	ok	
tax_measure	2004-ep	100.0	ok	
tax_measure	2004-prezidento	100.0	ok	
tax_measure	2004-seimo	99.9	ok	
tax_measure	2005-lapkricio-20-seimo-kedainiai	100.0	ok	
tax_measure	2007-spalio-7-seimo-dzukija	100.0	ok	
tax_measure	2007-vasario-25-savivaldybiu	100.0	ok	
tax_measure	2008-seimo	100.0	ok	
tax_measure	2009-ep	100.0	ok	
tax_measure	2009-lapkricio-15-seimo-silale-silute-vilnius-salcininkai	100.0	ok	
tax_measure	2009-prezidento	100.0	ok	
tax_measure	2011-vasario-13-seimo-marijampole	100.0	ok	
tax_measure	2011-vasario-27-savivaldybiu	100.0	ok	
tax_measure	2012-seimo	100.0	ok	
tax_measure	2013-kovo-3-seimo-birzai-zarasai-ukmerge	100.0	ok	
tax_measure	2014-ep	100.0	ok	
tax_measure	2014-prezidento	100.0	ok	
tax_measure	2015-birzelio-21-pakartotiniai-silutes	100.0	ok	
tax_measure	2015-birzelio-7-pakartotiniai-sirvintos-trakai	100.0	ok	
tax_measure	2015-birzelio-7-seimo-varena-eisiskes	100.0	ok	
tax_measure	2015-kovo-1-savivaldybiu	100.0	ok	
tax_measure	2015-kovo-1-seimo-zirmunai	100.0	ok	
tax_measure	2015-lapkricio-8-telsiu-mero	100.0	ok	
tax_measure	2016-seimo	100.0	ok	
tax_measure	2017-balandzio-23-meru	100.0	ok	
tax_measure	2017-balandzio-23-seimo-anyksciai-panevezys	100.0	ok	
tax_measure	2017-rugsejo-10-marijampoles-mero	100.0	ok	
tax_measure	2018-rugsejo-16-seimo-zanavykai	100.0	ok	
tax_measure	2019-ep	100.0	ok	
tax_measure	2019-kovo-3-savivaldybiu-tarybu	100.0	ok	
tax_measure	2019-prezidento	100.0	ok	
tax_measure	2019-rugsejo-8-seimo	100.0	ok	
tax_measure	2020-seimo	99.9	ok	
tax_measure	2021-balandzio-11-radviliskio-mero	100.0	ok	
tax_measure	2021-spalio-10-meru	100.0	ok	
tax_measure	2023-geguzes-7-visagino-mero	100.0	ok	
tax_measure	2023-kovo-5-savivaldybiu-tarybu-ir-meru	100.0	ok	
tax_measure	2023-rugsejo-3-seimo-raseiniai-kedainiai	100.0	ok	
tax_measure	2023-spalio-8-kupiskio-mero	100.0	ok	
tax_measure	2024-ep	100.0	ok	
tax_measure	2024-prezidento	100.0	ok	
tax_measure	2024-seimo	100.0	ok	
tax_measure	2025-kovo-16-meru	100.0	ok	
